"","country","code","year","unemp_rate"
"1","Australia","AUS","2003",5.92842
"2","Australia","AUS","2004",5.396734
"3","Australia","AUS","2005",5.033881
"4","Australia","AUS","2006",4.78524
"5","Australia","AUS","2007",4.379151
"6","Australia","AUS","2008",4.23433
"7","Australia","AUS","2009",5.560385
"8","Australia","AUS","2010",5.21334
"9","Australia","AUS","2011",5.081195
"10","Australia","AUS","2012",5.223376
"11","Australia","AUS","2013",5.66194
"12","Australia","AUS","2014",6.077244
"13","Australia","AUS","2015",6.056423
"14","Australia","AUS","2016",5.710809
"15","Australia","AUS","2017",5.595881
"16","Australia","AUS","2018",5.30767
"17","Australia","AUS","2019",5.166878
"18","Australia","AUS","2020",6.463281
"19","Australia","AUS","2021",5.113611
"20","Australia","AUS","2022",3.705759
"21","Austria","AUT","2003",4.758333
"22","Austria","AUT","2004",5.891667
"23","Austria","AUT","2005",6.033333
"24","Austria","AUT","2006",5.641667
"25","Austria","AUT","2007",5.216667
"26","Austria","AUT","2008",4.441667
"27","Austria","AUT","2009",5.666667
"28","Austria","AUT","2010",5.191667
"29","Austria","AUT","2011",4.9
"30","Austria","AUT","2012",5.191667
"31","Austria","AUT","2013",5.725
"32","Austria","AUT","2014",6.033333
"33","Austria","AUT","2015",6.15
"34","Austria","AUT","2016",6.45
"35","Austria","AUT","2017",5.925
"36","Austria","AUT","2018",5.208333
"37","Austria","AUT","2019",4.841667
"38","Austria","AUT","2020",6.025
"39","Austria","AUT","2021",6.2
"40","Austria","AUT","2022",4.758333
"41","Belgium","BEL","2003",8.175
"42","Belgium","BEL","2004",8.391666
"43","Belgium","BEL","2005",8.433333
"44","Belgium","BEL","2006",8.25
"45","Belgium","BEL","2007",7.483333
"46","Belgium","BEL","2008",6.975
"47","Belgium","BEL","2009",7.991667
"48","Belgium","BEL","2010",8.375
"49","Belgium","BEL","2011",7.216667
"50","Belgium","BEL","2012",7.633333
"51","Belgium","BEL","2013",8.55
"52","Belgium","BEL","2014",8.658334
"53","Belgium","BEL","2015",8.65
"54","Belgium","BEL","2016",7.85
"55","Belgium","BEL","2017",7.1
"56","Belgium","BEL","2018",5.958333
"57","Belgium","BEL","2019",5.366667
"58","Belgium","BEL","2020",5.541667
"59","Belgium","BEL","2021",6.275
"60","Belgium","BEL","2022",5.575
"61","Canada","CAN","2003",7.575
"62","Canada","CAN","2004",7.191667
"63","Canada","CAN","2005",6.758333
"64","Canada","CAN","2006",6.466667
"65","Canada","CAN","2007",6.166667
"66","Canada","CAN","2008",6.291667
"67","Canada","CAN","2009",8.45
"68","Canada","CAN","2010",8.175
"69","Canada","CAN","2011",7.633333
"70","Canada","CAN","2012",7.4
"71","Canada","CAN","2013",7.15
"72","Canada","CAN","2014",7.033333
"73","Canada","CAN","2015",6.941667
"74","Canada","CAN","2016",7.025
"75","Canada","CAN","2017",6.425
"76","Canada","CAN","2018",5.841667
"77","Canada","CAN","2019",5.691667
"78","Canada","CAN","2020",9.691667
"79","Canada","CAN","2021",7.541667
"80","Canada","CAN","2022",5.3
"81","Czechia","CZE","2003",7.775
"82","Czechia","CZE","2004",8.291667
"83","Czechia","CZE","2005",7.941667
"84","Czechia","CZE","2006",7.133333
"85","Czechia","CZE","2007",5.325
"86","Czechia","CZE","2008",4.408333
"87","Czechia","CZE","2009",6.683333
"88","Czechia","CZE","2010",7.291667
"89","Czechia","CZE","2011",6.716667
"90","Czechia","CZE","2012",6.975
"91","Czechia","CZE","2013",6.966667
"92","Czechia","CZE","2014",6.116667
"93","Czechia","CZE","2015",5.058333
"94","Czechia","CZE","2016",3.966667
"95","Czechia","CZE","2017",2.908333
"96","Czechia","CZE","2018",2.266667
"97","Czechia","CZE","2019",2.016667
"98","Czechia","CZE","2020",2.55
"99","Czechia","CZE","2021",2.808333
"100","Czechia","CZE","2022",2.4
"101","Denmark","DNK","2003",5.408333
"102","Denmark","DNK","2004",5.5
"103","Denmark","DNK","2005",4.841667
"104","Denmark","DNK","2006",3.908333
"105","Denmark","DNK","2007",3.75
"106","Denmark","DNK","2008",3.683333
"107","Denmark","DNK","2009",6.408333
"108","Denmark","DNK","2010",7.75
"109","Denmark","DNK","2011",7.758333
"110","Denmark","DNK","2012",7.783333
"111","Denmark","DNK","2013",7.375
"112","Denmark","DNK","2014",6.925
"113","Denmark","DNK","2015",6.266667
"114","Denmark","DNK","2016",5.983333
"115","Denmark","DNK","2017",5.816667
"116","Denmark","DNK","2018",5.15
"117","Denmark","DNK","2019",5.025
"118","Denmark","DNK","2020",5.625
"119","Denmark","DNK","2021",5.1
"120","Denmark","DNK","2022",4.475
"121","Finland","FIN","2003",9.008333
"122","Finland","FIN","2004",8.825
"123","Finland","FIN","2005",8.4
"124","Finland","FIN","2006",7.716667
"125","Finland","FIN","2007",6.866667
"126","Finland","FIN","2008",6.366667
"127","Finland","FIN","2009",8.366667
"128","Finland","FIN","2010",8.541667
"129","Finland","FIN","2011",7.966667
"130","Finland","FIN","2012",7.808333
"131","Finland","FIN","2013",8.3
"132","Finland","FIN","2014",8.75
"133","Finland","FIN","2015",9.458333
"134","Finland","FIN","2016",8.916667
"135","Finland","FIN","2017",8.766666
"136","Finland","FIN","2018",7.433333
"137","Finland","FIN","2019",6.741667
"138","Finland","FIN","2020",7.725
"139","Finland","FIN","2021",7.675
"140","Finland","FIN","2022",6.766667
"141","France","FRA","2003",8.516666
"142","France","FRA","2004",8.9
"143","France","FRA","2005",8.883333
"144","France","FRA","2006",8.85
"145","France","FRA","2007",8.016666
"146","France","FRA","2008",7.433333
"147","France","FRA","2009",9.116667
"148","France","FRA","2010",9.275
"149","France","FRA","2011",9.216666
"150","France","FRA","2012",9.758333
"151","France","FRA","2013",10.3
"152","France","FRA","2014",10.275
"153","France","FRA","2015",10.35
"154","France","FRA","2016",10.06667
"155","France","FRA","2017",9.425
"156","France","FRA","2018",9.025
"157","France","FRA","2019",8.433333
"158","France","FRA","2020",8.033334
"159","France","FRA","2021",7.875
"160","France","FRA","2022",7.316667
"161","Germany","DEU","2003",9.808333
"162","Germany","DEU","2004",10.5
"163","Germany","DEU","2005",11.28333
"164","Germany","DEU","2006",10.275
"165","Germany","DEU","2007",8.541667
"166","Germany","DEU","2008",7.425
"167","Germany","DEU","2009",7.225
"168","Germany","DEU","2010",6.575
"169","Germany","DEU","2011",5.516667
"170","Germany","DEU","2012",5.083333
"171","Germany","DEU","2013",4.95
"172","Germany","DEU","2014",4.708333
"173","Germany","DEU","2015",4.366667
"174","Germany","DEU","2016",3.908333
"175","Germany","DEU","2017",3.566667
"176","Germany","DEU","2018",3.208333
"177","Germany","DEU","2019",2.975
"178","Germany","DEU","2020",3.625
"179","Germany","DEU","2021",3.575
"180","Germany","DEU","2022",3.066667
"181","Greece","GRC","2003",9.741667
"182","Greece","GRC","2004",10.60833
"183","Greece","GRC","2005",10.00833
"184","Greece","GRC","2006",9.033334
"185","Greece","GRC","2007",8.416667
"186","Greece","GRC","2008",7.766667
"187","Greece","GRC","2009",9.75
"188","Greece","GRC","2010",12.95833
"189","Greece","GRC","2011",18.09167
"190","Greece","GRC","2012",24.80833
"191","Greece","GRC","2013",27.825
"192","Greece","GRC","2014",26.65
"193","Greece","GRC","2015",24.98333
"194","Greece","GRC","2016",23.875
"195","Greece","GRC","2017",21.84167
"196","Greece","GRC","2018",19.74167
"197","Greece","GRC","2019",17.88333
"198","Greece","GRC","2020",17.61667
"199","Greece","GRC","2021",14.79167
"200","Greece","GRC","2022",12.45833
"201","Hungary","HUN","2003",5.741667
"202","Hungary","HUN","2004",6.066667
"203","Hungary","HUN","2005",7.175
"204","Hungary","HUN","2006",7.458333
"205","Hungary","HUN","2007",7.391667
"206","Hungary","HUN","2008",7.8
"207","Hungary","HUN","2009",9.675
"208","Hungary","HUN","2010",10.8
"209","Hungary","HUN","2011",10.65833
"210","Hungary","HUN","2012",10.58333
"211","Hungary","HUN","2013",9.633333
"212","Hungary","HUN","2014",7.458333
"213","Hungary","HUN","2015",6.516667
"214","Hungary","HUN","2016",4.883333
"215","Hungary","HUN","2017",4.05
"216","Hungary","HUN","2018",3.525
"217","Hungary","HUN","2019",3.25
"218","Hungary","HUN","2020",4.141667
"219","Hungary","HUN","2021",4.041667
"220","Hungary","HUN","2022",3.616667
"221","Iceland","ISL","2003",3.516667
"222","Iceland","ISL","2004",3.408333
"223","Iceland","ISL","2005",2.883333
"224","Iceland","ISL","2006",3.208333
"225","Iceland","ISL","2007",2.475
"226","Iceland","ISL","2008",3.333333
"227","Iceland","ISL","2009",8.016666
"228","Iceland","ISL","2010",8.3
"229","Iceland","ISL","2011",7.675
"230","Iceland","ISL","2012",6.633333
"231","Iceland","ISL","2013",5.841667
"232","Iceland","ISL","2014",5.408333
"233","Iceland","ISL","2015",4.508333
"234","Iceland","ISL","2016",3.341667
"235","Iceland","ISL","2017",3.283333
"236","Iceland","ISL","2018",3.1
"237","Iceland","ISL","2019",3.933333
"238","Iceland","ISL","2020",6.433333
"239","Iceland","ISL","2021",6.008333
"240","Iceland","ISL","2022",3.75
"241","Ireland","IRL","2003",4.85
"242","Ireland","IRL","2004",4.741667
"243","Ireland","IRL","2005",4.633333
"244","Ireland","IRL","2006",4.791667
"245","Ireland","IRL","2007",5
"246","Ireland","IRL","2008",6.791667
"247","Ireland","IRL","2009",12.65833
"248","Ireland","IRL","2010",14.575
"249","Ireland","IRL","2011",15.40833
"250","Ireland","IRL","2012",15.48333
"251","Ireland","IRL","2013",13.775
"252","Ireland","IRL","2014",11.88333
"253","Ireland","IRL","2015",9.925
"254","Ireland","IRL","2016",8.408334
"255","Ireland","IRL","2017",6.733333
"256","Ireland","IRL","2018",5.775
"257","Ireland","IRL","2019",4.975
"258","Ireland","IRL","2020",5.85
"259","Ireland","IRL","2021",6.266667
"260","Ireland","IRL","2022",4.5
"261","Italy","ITA","2003",8.433333
"262","Italy","ITA","2004",8.05
"263","Italy","ITA","2005",7.783333
"264","Italy","ITA","2006",6.866667
"265","Italy","ITA","2007",6.15
"266","Italy","ITA","2008",6.775
"267","Italy","ITA","2009",7.875
"268","Italy","ITA","2010",8.541667
"269","Italy","ITA","2011",8.508333
"270","Italy","ITA","2012",10.88333
"271","Italy","ITA","2013",12.36667
"272","Italy","ITA","2014",12.825
"273","Italy","ITA","2015",12
"274","Italy","ITA","2016",11.75
"275","Italy","ITA","2017",11.25833
"276","Italy","ITA","2018",10.6
"277","Italy","ITA","2019",9.933333
"278","Italy","ITA","2020",9.3
"279","Italy","ITA","2021",9.558333
"280","Italy","ITA","2022",8.075
"281","Japan","JPN","2003",5.258333
"282","Japan","JPN","2004",4.716667
"283","Japan","JPN","2005",4.425
"284","Japan","JPN","2006",4.141667
"285","Japan","JPN","2007",3.841667
"286","Japan","JPN","2008",3.991667
"287","Japan","JPN","2009",5.066667
"288","Japan","JPN","2010",5.05
"289","Japan","JPN","2011",4.583333
"290","Japan","JPN","2012",4.35
"291","Japan","JPN","2013",4.025
"292","Japan","JPN","2014",3.591667
"293","Japan","JPN","2015",3.375
"294","Japan","JPN","2016",3.116667
"295","Japan","JPN","2017",2.808333
"296","Japan","JPN","2018",2.441667
"297","Japan","JPN","2019",2.35
"298","Japan","JPN","2020",2.775
"299","Japan","JPN","2021",2.816667
"300","Japan","JPN","2022",2.6
"301","South Korea","KOR","2003",3.55
"302","South Korea","KOR","2004",3.658333
"303","South Korea","KOR","2005",3.75
"304","South Korea","KOR","2006",3.475
"305","South Korea","KOR","2007",3.258333
"306","South Korea","KOR","2008",3.175
"307","South Korea","KOR","2009",3.633333
"308","South Korea","KOR","2010",3.708333
"309","South Korea","KOR","2011",3.408333
"310","South Korea","KOR","2012",3.225
"311","South Korea","KOR","2013",3.1
"312","South Korea","KOR","2014",3.491667
"313","South Korea","KOR","2015",3.591667
"314","South Korea","KOR","2016",3.675
"315","South Korea","KOR","2017",3.683333
"316","South Korea","KOR","2018",3.833333
"317","South Korea","KOR","2019",3.783333
"318","South Korea","KOR","2020",3.941667
"319","South Korea","KOR","2021",3.675
"320","South Korea","KOR","2022",2.883333
"321","Luxembourg","LUX","2003",3.808333
"322","Luxembourg","LUX","2004",4.95
"323","Luxembourg","LUX","2005",4.65
"324","Luxembourg","LUX","2006",4.575
"325","Luxembourg","LUX","2007",4.166667
"326","Luxembourg","LUX","2008",4.916667
"327","Luxembourg","LUX","2009",5.116667
"328","Luxembourg","LUX","2010",4.583333
"329","Luxembourg","LUX","2011",4.833333
"330","Luxembourg","LUX","2012",5.066667
"331","Luxembourg","LUX","2013",5.875
"332","Luxembourg","LUX","2014",6.05
"333","Luxembourg","LUX","2015",6.458333
"334","Luxembourg","LUX","2016",6.333333
"335","Luxembourg","LUX","2017",5.616667
"336","Luxembourg","LUX","2018",5.5
"337","Luxembourg","LUX","2019",5.591667
"338","Luxembourg","LUX","2020",6.691667
"339","Luxembourg","LUX","2021",5.425
"340","Luxembourg","LUX","2022",4.566667
"341","Mexico","MEX","2003",3.405833
"342","Mexico","MEX","2004",3.915833
"343","Mexico","MEX","2005",3.595785
"344","Mexico","MEX","2006",3.596744
"345","Mexico","MEX","2007",3.721604
"346","Mexico","MEX","2008",3.974655
"347","Mexico","MEX","2009",5.479068
"348","Mexico","MEX","2010",5.380876
"349","Mexico","MEX","2011",5.233573
"350","Mexico","MEX","2012",4.952769
"351","Mexico","MEX","2013",4.929466
"352","Mexico","MEX","2014",4.828958
"353","Mexico","MEX","2015",4.352943
"354","Mexico","MEX","2016",3.881356
"355","Mexico","MEX","2017",3.419046
"356","Mexico","MEX","2018",3.320195
"357","Mexico","MEX","2019",3.490462
"358","Mexico","MEX","2020",4.431634
"359","Mexico","MEX","2021",4.138621
"360","Mexico","MEX","2022",3.273771
"361","Netherlands","NLD","2003",5.908333
"362","Netherlands","NLD","2004",6.775
"363","Netherlands","NLD","2005",6.958333
"364","Netherlands","NLD","2006",6.083333
"365","Netherlands","NLD","2007",5.308333
"366","Netherlands","NLD","2008",4.758333
"367","Netherlands","NLD","2009",5.425
"368","Netherlands","NLD","2010",6.066667
"369","Netherlands","NLD","2011",6.05
"370","Netherlands","NLD","2012",6.816667
"371","Netherlands","NLD","2013",8.191667
"372","Netherlands","NLD","2014",8.35
"373","Netherlands","NLD","2015",7.891667
"374","Netherlands","NLD","2016",7
"375","Netherlands","NLD","2017",5.875
"376","Netherlands","NLD","2018",4.866667
"377","Netherlands","NLD","2019",4.433333
"378","Netherlands","NLD","2020",4.85
"379","Netherlands","NLD","2021",4.225
"380","Netherlands","NLD","2022",3.541667
"381","New Zealand","NZL","2003",4.775
"382","New Zealand","NZL","2004",4.025
"383","New Zealand","NZL","2005",3.825
"384","New Zealand","NZL","2006",3.85
"385","New Zealand","NZL","2007",3.575
"386","New Zealand","NZL","2008",4.025
"387","New Zealand","NZL","2009",5.875
"388","New Zealand","NZL","2010",6.225
"389","New Zealand","NZL","2011",6.025
"390","New Zealand","NZL","2012",6.475
"391","New Zealand","NZL","2013",5.85
"392","New Zealand","NZL","2014",5.425
"393","New Zealand","NZL","2015",5.4
"394","New Zealand","NZL","2016",5.125
"395","New Zealand","NZL","2017",4.725
"396","New Zealand","NZL","2018",4.325
"397","New Zealand","NZL","2019",4.1
"398","New Zealand","NZL","2020",4.6
"399","New Zealand","NZL","2021",3.8
"400","New Zealand","NZL","2022",3.275
"401","Norway","NOR","2003",4.208333
"402","Norway","NOR","2004",4.275
"403","Norway","NOR","2005",4.525
"404","Norway","NOR","2006",3.6
"405","Norway","NOR","2007",2.716667
"406","Norway","NOR","2008",2.933333
"407","Norway","NOR","2009",3.458333
"408","Norway","NOR","2010",3.958333
"409","Norway","NOR","2011",3.566667
"410","Norway","NOR","2012",3.483333
"411","Norway","NOR","2013",3.933333
"412","Norway","NOR","2014",3.775
"413","Norway","NOR","2015",4.691667
"414","Norway","NOR","2016",4.908333
"415","Norway","NOR","2017",4.366667
"416","Norway","NOR","2018",3.991667
"417","Norway","NOR","2019",3.875
"418","Norway","NOR","2020",4.75
"419","Norway","NOR","2021",4.458333
"420","Norway","NOR","2022",3.233333
"421","Poland","POL","2003",19.75
"422","Poland","POL","2004",19.14167
"423","Poland","POL","2005",17.925
"424","Poland","POL","2006",13.96667
"425","Poland","POL","2007",9.608334
"426","Poland","POL","2008",7.041667
"427","Poland","POL","2009",8.125
"428","Poland","POL","2010",9.983334
"429","Poland","POL","2011",9.95
"430","Poland","POL","2012",10.39167
"431","Poland","POL","2013",10.60833
"432","Poland","POL","2014",9.208333
"433","Poland","POL","2015",7.683333
"434","Poland","POL","2016",6.283333
"435","Poland","POL","2017",4.958333
"436","Poland","POL","2018",3.883333
"437","Poland","POL","2019",3.308333
"438","Poland","POL","2020",3.216667
"439","Poland","POL","2021",3.375
"440","Poland","POL","2022",2.891667
"441","Portugal","PRT","2003",7.808333
"442","Portugal","PRT","2004",8.166667
"443","Portugal","PRT","2005",9.233334
"444","Portugal","PRT","2006",9.3
"445","Portugal","PRT","2007",9.583333
"446","Portugal","PRT","2008",9.241667
"447","Portugal","PRT","2009",11.225
"448","Portugal","PRT","2010",12.58333
"449","Portugal","PRT","2011",13.51667
"450","Portugal","PRT","2012",16.575
"451","Portugal","PRT","2013",17.175
"452","Portugal","PRT","2014",14.65
"453","Portugal","PRT","2015",13.025
"454","Portugal","PRT","2016",11.46667
"455","Portugal","PRT","2017",9.225
"456","Portugal","PRT","2018",7.166667
"457","Portugal","PRT","2019",6.675
"458","Portugal","PRT","2020",7.116667
"459","Portugal","PRT","2021",6.591667
"460","Portugal","PRT","2022",6.041667
"461","Slovakia","SVK","2003",17.69167
"462","Slovakia","SVK","2004",18.35833
"463","Slovakia","SVK","2005",16.375
"464","Slovakia","SVK","2006",13.46667
"465","Slovakia","SVK","2007",11.23333
"466","Slovakia","SVK","2008",9.575
"467","Slovakia","SVK","2009",12.08333
"468","Slovakia","SVK","2010",14.425
"469","Slovakia","SVK","2011",13.60833
"470","Slovakia","SVK","2012",13.90833
"471","Slovakia","SVK","2013",14.13333
"472","Slovakia","SVK","2014",13.1
"473","Slovakia","SVK","2015",11.46667
"474","Slovakia","SVK","2016",9.658334
"475","Slovakia","SVK","2017",8.083333
"476","Slovakia","SVK","2018",6.508333
"477","Slovakia","SVK","2019",5.716667
"478","Slovakia","SVK","2020",6.658333
"479","Slovakia","SVK","2021",6.825
"480","Slovakia","SVK","2022",6.15
"481","Spain","ESP","2003",11.49167
"482","Spain","ESP","2004",10.95833
"483","Spain","ESP","2005",9.166667
"484","Spain","ESP","2006",8.458333
"485","Spain","ESP","2007",8.225
"486","Spain","ESP","2008",11.26667
"487","Spain","ESP","2009",17.86667
"488","Spain","ESP","2010",19.875
"489","Spain","ESP","2011",21.40833
"490","Spain","ESP","2012",24.79167
"491","Spain","ESP","2013",26.11667
"492","Spain","ESP","2014",24.45
"493","Spain","ESP","2015",22.075
"494","Spain","ESP","2016",19.65
"495","Spain","ESP","2017",17.23333
"496","Spain","ESP","2018",15.26667
"497","Spain","ESP","2019",14.10833
"498","Spain","ESP","2020",15.53333
"499","Spain","ESP","2021",14.79167
"500","Spain","ESP","2022",12.93333
"501","Sweden","SWE","2003",6.566667
"502","Sweden","SWE","2004",7.375
"503","Sweden","SWE","2005",7.783333
"504","Sweden","SWE","2006",7.241667
"505","Sweden","SWE","2007",6.316667
"506","Sweden","SWE","2008",6.35
"507","Sweden","SWE","2009",8.483334
"508","Sweden","SWE","2010",8.775
"509","Sweden","SWE","2011",7.95
"510","Sweden","SWE","2012",8.15
"511","Sweden","SWE","2013",8.208333
"512","Sweden","SWE","2014",8.1
"513","Sweden","SWE","2015",7.591667
"514","Sweden","SWE","2016",7.15
"515","Sweden","SWE","2017",6.858333
"516","Sweden","SWE","2018",6.516667
"517","Sweden","SWE","2019",6.975
"518","Sweden","SWE","2020",8.541667
"519","Sweden","SWE","2021",8.8
"520","Sweden","SWE","2022",7.466667
"521","Switzerland","CHE","2010",4.803626
"522","Switzerland","CHE","2011",4.401669
"523","Switzerland","CHE","2012",4.484188
"524","Switzerland","CHE","2013",4.747292
"525","Switzerland","CHE","2014",4.829988
"526","Switzerland","CHE","2015",4.800639
"527","Switzerland","CHE","2016",4.91918
"528","Switzerland","CHE","2017",4.797587
"529","Switzerland","CHE","2018",4.714414
"530","Switzerland","CHE","2019",4.394452
"531","Switzerland","CHE","2020",4.815328
"532","Switzerland","CHE","2021",5.098192
"533","Switzerland","CHE","2022",4.299916
"534","Turkey","TUR","2005",9.508333
"535","Turkey","TUR","2006",9.066667
"536","Turkey","TUR","2007",9.158334
"537","Turkey","TUR","2008",10.025
"538","Turkey","TUR","2009",13.04167
"539","Turkey","TUR","2010",11.15
"540","Turkey","TUR","2011",9.141666
"541","Turkey","TUR","2012",8.433333
"542","Turkey","TUR","2013",9.05
"543","Turkey","TUR","2014",9.883333
"544","Turkey","TUR","2015",10.33333
"545","Turkey","TUR","2016",10.90833
"546","Turkey","TUR","2017",10.925
"547","Turkey","TUR","2018",10.89167
"548","Turkey","TUR","2019",13.74167
"549","Turkey","TUR","2020",13.14167
"550","Turkey","TUR","2021",12.03333
"551","Turkey","TUR","2022",10.48333
"552","United Kingdom","GBR","2003",5.025
"553","United Kingdom","GBR","2004",4.75
"554","United Kingdom","GBR","2005",4.8
"555","United Kingdom","GBR","2006",5.425
"556","United Kingdom","GBR","2007",5.325
"557","United Kingdom","GBR","2008",5.7
"558","United Kingdom","GBR","2009",7.625
"559","United Kingdom","GBR","2010",7.875
"560","United Kingdom","GBR","2011",8.125
"561","United Kingdom","GBR","2012",7.975
"562","United Kingdom","GBR","2013",7.6
"563","United Kingdom","GBR","2014",6.175
"564","United Kingdom","GBR","2015",5.35
"565","United Kingdom","GBR","2016",4.9
"566","United Kingdom","GBR","2017",4.425
"567","United Kingdom","GBR","2018",4.1
"568","United Kingdom","GBR","2019",3.825
"569","United Kingdom","GBR","2020",4.575
"570","United Kingdom","GBR","2021",4.525
"571","United Kingdom","GBR","2022",3.725
"572","United States","USA","2003",5.991667
"573","United States","USA","2004",5.533333
"574","United States","USA","2005",5.066667
"575","United States","USA","2006",4.616667
"576","United States","USA","2007",4.616667
"577","United States","USA","2008",5.775
"578","United States","USA","2009",9.266666
"579","United States","USA","2010",9.616667
"580","United States","USA","2011",8.95
"581","United States","USA","2012",8.066667
"582","United States","USA","2013",7.375
"583","United States","USA","2014",6.166667
"584","United States","USA","2015",5.291667
"585","United States","USA","2016",4.866667
"586","United States","USA","2017",4.35
"587","United States","USA","2018",3.9
"588","United States","USA","2019",3.666667
"589","United States","USA","2020",8.091666
"590","United States","USA","2021",5.366667
"591","United States","USA","2022",3.65
"592","Chile","CHL","2003",9.54
"593","Chile","CHL","2004",10.0075
"594","Chile","CHL","2005",9.235
"595","Chile","CHL","2006",7.8
"596","Chile","CHL","2007",7.13
"597","Chile","CHL","2008",7.7925
"598","Chile","CHL","2009",9.675
"599","Chile","CHL","2010",8.15
"600","Chile","CHL","2011",7.125
"601","Chile","CHL","2012",6.545561
"602","Chile","CHL","2013",6.08222
"603","Chile","CHL","2014",6.495096
"604","Chile","CHL","2015",6.328377
"605","Chile","CHL","2016",6.684913
"606","Chile","CHL","2017",6.965175
"607","Chile","CHL","2018",7.376639
"608","Chile","CHL","2019",7.22264
"609","Chile","CHL","2020",10.77024
"610","Chile","CHL","2021",8.86145
"611","Chile","CHL","2022",7.878028
"612","Estonia","EST","2003",10.35
"613","Estonia","EST","2004",10.08333
"614","Estonia","EST","2005",7.975
"615","Estonia","EST","2006",5.941667
"616","Estonia","EST","2007",4.6
"617","Estonia","EST","2008",5.516667
"618","Estonia","EST","2009",13.475
"619","Estonia","EST","2010",16.58333
"620","Estonia","EST","2011",12.35
"621","Estonia","EST","2012",9.908334
"622","Estonia","EST","2013",8.491667
"623","Estonia","EST","2014",7.316667
"624","Estonia","EST","2015",6.391667
"625","Estonia","EST","2016",6.833333
"626","Estonia","EST","2017",5.808333
"627","Estonia","EST","2018",5.391667
"628","Estonia","EST","2019",4.483333
"629","Estonia","EST","2020",6.883333
"630","Estonia","EST","2021",6.208333
"631","Estonia","EST","2022",5.575
"632","Israel","ISR","2003",10.71266
"633","Israel","ISR","2004",10.36771
"634","Israel","ISR","2005",8.989903
"635","Israel","ISR","2006",8.403837
"636","Israel","ISR","2007",7.318558
"637","Israel","ISR","2008",6.099141
"638","Israel","ISR","2009",7.544086
"639","Israel","ISR","2010",6.636595
"640","Israel","ISR","2011",5.602376
"641","Israel","ISR","2012",6.85
"642","Israel","ISR","2013",6.208333
"643","Israel","ISR","2014",5.908333
"644","Israel","ISR","2015",5.241667
"645","Israel","ISR","2016",4.808333
"646","Israel","ISR","2017",4.216667
"647","Israel","ISR","2018",4
"648","Israel","ISR","2019",3.8
"649","Israel","ISR","2020",4.325
"650","Israel","ISR","2021",4.958333
"651","Israel","ISR","2022",3.766667
"652","Slovenia","SVN","2003",6.7
"653","Slovenia","SVN","2004",6.341667
"654","Slovenia","SVN","2005",6.541667
"655","Slovenia","SVN","2006",5.991667
"656","Slovenia","SVN","2007",4.858333
"657","Slovenia","SVN","2008",4.391667
"658","Slovenia","SVN","2009",5.85
"659","Slovenia","SVN","2010",7.258333
"660","Slovenia","SVN","2011",8.183333
"661","Slovenia","SVN","2012",8.85
"662","Slovenia","SVN","2013",10.10833
"663","Slovenia","SVN","2014",9.7
"664","Slovenia","SVN","2015",8.983334
"665","Slovenia","SVN","2016",8.008333
"666","Slovenia","SVN","2017",6.575
"667","Slovenia","SVN","2018",5.125
"668","Slovenia","SVN","2019",4.441667
"669","Slovenia","SVN","2020",4.983333
"670","Slovenia","SVN","2021",4.775
"671","Slovenia","SVN","2022",4.025
"672","Latvia","LVA","2003",11.65
"673","Latvia","LVA","2004",11.74167
"674","Latvia","LVA","2005",10.04167
"675","Latvia","LVA","2006",7.033333
"676","Latvia","LVA","2007",6.075
"677","Latvia","LVA","2008",7.75
"678","Latvia","LVA","2009",17.55
"679","Latvia","LVA","2010",19.475
"680","Latvia","LVA","2011",16.20833
"681","Latvia","LVA","2012",15.04167
"682","Latvia","LVA","2013",11.86667
"683","Latvia","LVA","2014",10.84167
"684","Latvia","LVA","2015",9.875
"685","Latvia","LVA","2016",9.633333
"686","Latvia","LVA","2017",8.708333
"687","Latvia","LVA","2018",7.4
"688","Latvia","LVA","2019",6.316667
"689","Latvia","LVA","2020",8.091666
"690","Latvia","LVA","2021",7.575
"691","Latvia","LVA","2022",6.85
"692","Lithuania","LTU","2003",12.43333
"693","Lithuania","LTU","2004",10.89167
"694","Lithuania","LTU","2005",8.316667
"695","Lithuania","LTU","2006",5.791667
"696","Lithuania","LTU","2007",4.258333
"697","Lithuania","LTU","2008",5.825
"698","Lithuania","LTU","2009",13.8
"699","Lithuania","LTU","2010",17.84167
"700","Lithuania","LTU","2011",15.39167
"701","Lithuania","LTU","2012",13.40833
"702","Lithuania","LTU","2013",11.8
"703","Lithuania","LTU","2014",10.725
"704","Lithuania","LTU","2015",9.133333
"705","Lithuania","LTU","2016",7.9
"706","Lithuania","LTU","2017",7.116667
"707","Lithuania","LTU","2018",6.183333
"708","Lithuania","LTU","2019",6.283333
"709","Lithuania","LTU","2020",8.516666
"710","Lithuania","LTU","2021",7.125
"711","Lithuania","LTU","2022",5.925
"712","Colombia","COL","2007",11.29833
"713","Colombia","COL","2008",11.39
"714","Colombia","COL","2009",12.21583
"715","Colombia","COL","2010",11.9675
"716","Colombia","COL","2011",10.99167
"717","Colombia","COL","2012",10.505
"718","Colombia","COL","2013",9.7425
"719","Colombia","COL","2014",9.205
"720","Colombia","COL","2015",8.950833
"721","Colombia","COL","2016",9.226666
"722","Colombia","COL","2017",9.295834
"723","Colombia","COL","2018",9.529166
"724","Colombia","COL","2019",10.37083
"725","Colombia","COL","2020",15.86417
"726","Colombia","COL","2021",13.81083
"727","Colombia","COL","2022",11.21833
"728","Estonia","EST","2003",9.866667
"729","Estonia","EST","2004",9.033334
"730","Estonia","EST","2005",6.983333
"731","Estonia","EST","2006",5.541667
"732","Estonia","EST","2007",3.858333
"733","Estonia","EST","2008",5.091667
"734","Estonia","EST","2009",10.23333
"735","Estonia","EST","2010",13.825
"736","Estonia","EST","2011",11.59167
"737","Estonia","EST","2012",8.875
"738","Estonia","EST","2013",7.975
"739","Estonia","EST","2014",6.725
"740","Estonia","EST","2015",6.191667
"741","Estonia","EST","2016",6.1
"742","Estonia","EST","2017",5.216667
"743","Estonia","EST","2018",5.191667
"744","Estonia","EST","2019",4.766667
"745","Estonia","EST","2020",6.733333
"746","Estonia","EST","2021",5.6
"747","Estonia","EST","2022",5.033333
"748","Netherlands","NLD","2003",5.183333
"749","Netherlands","NLD","2004",6.025
"750","Netherlands","NLD","2005",6.016667
"751","Netherlands","NLD","2006",5.05
"752","Netherlands","NLD","2007",4.325
"753","Netherlands","NLD","2008",3.941667
"754","Netherlands","NLD","2009",4.808333
"755","Netherlands","NLD","2010",5.516667
"756","Netherlands","NLD","2011",5.591667
"757","Netherlands","NLD","2012",6.366667
"758","Netherlands","NLD","2013",8.008333
"759","Netherlands","NLD","2014",7.966667
"760","Netherlands","NLD","2015",7.458333
"761","Netherlands","NLD","2016",6.508333
"762","Netherlands","NLD","2017",5.408333
"763","Netherlands","NLD","2018",4.641667
"764","Netherlands","NLD","2019",4.325
"765","Netherlands","NLD","2020",4.608333
"766","Netherlands","NLD","2021",3.958333
"767","Netherlands","NLD","2022",3.283333
"768","South Korea","KOR","2003",3.291667
"769","South Korea","KOR","2004",3.358333
"770","South Korea","KOR","2005",3.408333
"771","South Korea","KOR","2006",2.95
"772","South Korea","KOR","2007",2.641667
"773","South Korea","KOR","2008",2.625
"774","South Korea","KOR","2009",3.008333
"775","South Korea","KOR","2010",3.341667
"776","South Korea","KOR","2011",3.125
"777","South Korea","KOR","2012",2.958333
"778","South Korea","KOR","2013",2.833333
"779","South Korea","KOR","2014",3.475
"780","South Korea","KOR","2015",3.541667
"781","South Korea","KOR","2016",3.583333
"782","South Korea","KOR","2017",3.533333
"783","South Korea","KOR","2018",3.733333
"784","South Korea","KOR","2019",3.608333
"785","South Korea","KOR","2020",4.033333
"786","South Korea","KOR","2021",3.808333
"787","South Korea","KOR","2022",3.083333
"788","Sweden","SWE","2003",6.141667
"789","Sweden","SWE","2004",7.133333
"790","Sweden","SWE","2005",7.741667
"791","Sweden","SWE","2006",7.416667
"792","Sweden","SWE","2007",6.608333
"793","Sweden","SWE","2008",6.683333
"794","Sweden","SWE","2009",8.15
"795","Sweden","SWE","2010",8.691667
"796","Sweden","SWE","2011",7.9
"797","Sweden","SWE","2012",7.891667
"798","Sweden","SWE","2013",8.008333
"799","Sweden","SWE","2014",7.883333
"800","Sweden","SWE","2015",7.425
"801","Sweden","SWE","2016",6.75
"802","Sweden","SWE","2017",6.583333
"803","Sweden","SWE","2018",6.358333
"804","Sweden","SWE","2019",7.108333
"805","Sweden","SWE","2020",8.508333
"806","Sweden","SWE","2021",9.091666
"807","Sweden","SWE","2022",7.9
"808","Ireland","IRL","2003",4.925
"809","Ireland","IRL","2004",4.85
"810","Ireland","IRL","2005",4.616667
"811","Ireland","IRL","2006",4.666667
"812","Ireland","IRL","2007",5.041667
"813","Ireland","IRL","2008",7.625
"814","Ireland","IRL","2009",15.13333
"815","Ireland","IRL","2010",17.15
"816","Ireland","IRL","2011",17.78333
"817","Ireland","IRL","2012",17.74167
"818","Ireland","IRL","2013",14.9
"819","Ireland","IRL","2014",12.725
"820","Ireland","IRL","2015",10.76667
"821","Ireland","IRL","2016",9.066667
"822","Ireland","IRL","2017",7.133333
"823","Ireland","IRL","2018",5.833333
"824","Ireland","IRL","2019",5.208333
"825","Ireland","IRL","2020",5.816667
"826","Ireland","IRL","2021",6.308333
"827","Ireland","IRL","2022",4.433333
"828","Poland","POL","2003",19.075
"829","Poland","POL","2004",18.33333
"830","Poland","POL","2005",16.74167
"831","Poland","POL","2006",13.05833
"832","Poland","POL","2007",9.025
"833","Poland","POL","2008",6.4
"834","Poland","POL","2009",7.75
"835","Poland","POL","2010",9.691667
"836","Poland","POL","2011",9.358334
"837","Poland","POL","2012",9.75
"838","Poland","POL","2013",10.00833
"839","Poland","POL","2014",8.75
"840","Poland","POL","2015",7.525
"841","Poland","POL","2016",6.25
"842","Poland","POL","2017",4.966667
"843","Poland","POL","2018",3.908333
"844","Poland","POL","2019",3.075
"845","Poland","POL","2020",3.125
"846","Poland","POL","2021",3.358333
"847","Poland","POL","2022",2.85
"848","Finland","FIN","2003",8.866667
"849","Finland","FIN","2004",8.908334
"850","Finland","FIN","2005",8.608334
"851","Finland","FIN","2006",8.075
"852","Finland","FIN","2007",7.183333
"853","Finland","FIN","2008",6.675
"854","Finland","FIN","2009",7.433333
"855","Finland","FIN","2010",7.641667
"856","Finland","FIN","2011",7.158333
"857","Finland","FIN","2012",7.041667
"858","Finland","FIN","2013",7.491667
"859","Finland","FIN","2014",7.858333
"860","Finland","FIN","2015",8.608334
"861","Finland","FIN","2016",8.4
"862","Finland","FIN","2017",8.283334
"863","Finland","FIN","2018",7.125
"864","Finland","FIN","2019",6.175
"865","Finland","FIN","2020",7.366667
"866","Finland","FIN","2021",7.108333
"867","Finland","FIN","2022",6.383333
"868","United Kingdom","GBR","2003",4.375
"869","United Kingdom","GBR","2004",4.325
"870","United Kingdom","GBR","2005",4.325
"871","United Kingdom","GBR","2006",5.025
"872","United Kingdom","GBR","2007",5.025
"873","United Kingdom","GBR","2008",5.15
"874","United Kingdom","GBR","2009",6.475
"875","United Kingdom","GBR","2010",6.95
"876","United Kingdom","GBR","2011",7.4
"877","United Kingdom","GBR","2012",7.475
"878","United Kingdom","GBR","2013",7.1
"879","United Kingdom","GBR","2014",5.9
"880","United Kingdom","GBR","2015",5.2
"881","United Kingdom","GBR","2016",4.725
"882","United Kingdom","GBR","2017",4.275
"883","United Kingdom","GBR","2018",4.025
"884","United Kingdom","GBR","2019",3.65
"885","United Kingdom","GBR","2020",4.275
"886","United Kingdom","GBR","2021",4.275
"887","United Kingdom","GBR","2022",3.575
"888","Greece","GRC","2003",14.98333
"889","Greece","GRC","2004",16.30833
"890","Greece","GRC","2005",15.45
"891","Greece","GRC","2006",13.75833
"892","Greece","GRC","2007",12.90833
"893","Greece","GRC","2008",11.53333
"894","Greece","GRC","2009",13.5
"895","Greece","GRC","2010",16.69167
"896","Greece","GRC","2011",21.78333
"897","Greece","GRC","2012",28.6
"898","Greece","GRC","2013",31.725
"899","Greece","GRC","2014",30.38333
"900","Greece","GRC","2015",28.98333
"901","Greece","GRC","2016",28.54167
"902","Greece","GRC","2017",26.43333
"903","Greece","GRC","2018",24.75833
"904","Greece","GRC","2019",22.375
"905","Greece","GRC","2020",21.525
"906","Greece","GRC","2021",18.98333
"907","Greece","GRC","2022",16.44167
"908","South Korea","KOR","2003",3.741667
"909","South Korea","KOR","2004",3.875
"910","South Korea","KOR","2005",3.991667
"911","South Korea","KOR","2006",3.875
"912","South Korea","KOR","2007",3.675
"913","South Korea","KOR","2008",3.558333
"914","South Korea","KOR","2009",4.083333
"915","South Korea","KOR","2010",3.975
"916","South Korea","KOR","2011",3.608333
"917","South Korea","KOR","2012",3.383333
"918","South Korea","KOR","2013",3.275
"919","South Korea","KOR","2014",3.516667
"920","South Korea","KOR","2015",3.65
"921","South Korea","KOR","2016",3.75
"922","South Korea","KOR","2017",3.8
"923","South Korea","KOR","2018",3.941667
"924","South Korea","KOR","2019",3.891667
"925","South Korea","KOR","2020",3.9
"926","South Korea","KOR","2021",3.583333
"927","South Korea","KOR","2022",2.75
"928","Belgium","BEL","2003",7.658333
"929","Belgium","BEL","2004",7.508333
"930","Belgium","BEL","2005",7.616667
"931","Belgium","BEL","2006",7.425
"932","Belgium","BEL","2007",6.675
"933","Belgium","BEL","2008",6.458333
"934","Belgium","BEL","2009",7.825
"935","Belgium","BEL","2010",8.216666
"936","Belgium","BEL","2011",7.191667
"937","Belgium","BEL","2012",7.775
"938","Belgium","BEL","2013",8.833333
"939","Belgium","BEL","2014",9.141666
"940","Belgium","BEL","2015",9.308333
"941","Belgium","BEL","2016",8.083333
"942","Belgium","BEL","2017",7.133333
"943","Belgium","BEL","2018",6.3
"944","Belgium","BEL","2019",5.75
"945","Belgium","BEL","2020",5.733333
"946","Belgium","BEL","2021",6.625
"947","Belgium","BEL","2022",5.841667
"948","United Kingdom","GBR","2003",5.575
"949","United Kingdom","GBR","2004",5.15
"950","United Kingdom","GBR","2005",5.2
"951","United Kingdom","GBR","2006",5.775
"952","United Kingdom","GBR","2007",5.575
"953","United Kingdom","GBR","2008",6.15
"954","United Kingdom","GBR","2009",8.575
"955","United Kingdom","GBR","2010",8.65
"956","United Kingdom","GBR","2011",8.7
"957","United Kingdom","GBR","2012",8.375
"958","United Kingdom","GBR","2013",8
"959","United Kingdom","GBR","2014",6.45
"960","United Kingdom","GBR","2015",5.5
"961","United Kingdom","GBR","2016",5.025
"962","United Kingdom","GBR","2017",4.5
"963","United Kingdom","GBR","2018",4.125
"964","United Kingdom","GBR","2019",4
"965","United Kingdom","GBR","2020",4.8
"966","United Kingdom","GBR","2021",4.65
"967","United Kingdom","GBR","2022",3.85
"968","Portugal","PRT","2003",7.866667
"969","Portugal","PRT","2004",8.225
"970","Portugal","PRT","2005",9.416667
"971","Portugal","PRT","2006",9.766666
"972","Portugal","PRT","2007",10.28333
"973","Portugal","PRT","2008",9.575
"974","Portugal","PRT","2009",11.025
"975","Portugal","PRT","2010",12.89167
"976","Portugal","PRT","2011",13.88333
"977","Portugal","PRT","2012",16.39167
"978","Portugal","PRT","2013",17.2
"979","Portugal","PRT","2014",14.91667
"980","Portugal","PRT","2015",13.16667
"981","Portugal","PRT","2016",11.475
"982","Portugal","PRT","2017",9.616667
"983","Portugal","PRT","2018",7.558333
"984","Portugal","PRT","2019",7.325
"985","Portugal","PRT","2020",7.433333
"986","Portugal","PRT","2021",6.866667
"987","Portugal","PRT","2022",6.466667
"988","Ireland","IRL","2003",4.716667
"989","Ireland","IRL","2004",4.6
"990","Ireland","IRL","2005",4.658333
"991","Ireland","IRL","2006",4.891667
"992","Ireland","IRL","2007",4.941667
"993","Ireland","IRL","2008",5.716667
"994","Ireland","IRL","2009",9.516666
"995","Ireland","IRL","2010",11.43333
"996","Ireland","IRL","2011",12.525
"997","Ireland","IRL","2012",12.76667
"998","Ireland","IRL","2013",12.43333
"999","Ireland","IRL","2014",10.88333
"1000","Ireland","IRL","2015",8.883333
"1001","Ireland","IRL","2016",7.608333
"1002","Ireland","IRL","2017",6.316667
"1003","Ireland","IRL","2018",5.725
"1004","Ireland","IRL","2019",4.725
"1005","Ireland","IRL","2020",5.9
"1006","Ireland","IRL","2021",6.2
"1007","Ireland","IRL","2022",4.6
"1008","Lithuania","LTU","2003",12.15833
"1009","Lithuania","LTU","2004",11.30833
"1010","Lithuania","LTU","2005",8.55
"1011","Lithuania","LTU","2006",5.633333
"1012","Lithuania","LTU","2007",4.333333
"1013","Lithuania","LTU","2008",5.608333
"1014","Lithuania","LTU","2009",10.54167
"1015","Lithuania","LTU","2010",14.53333
"1016","Lithuania","LTU","2011",12.93333
"1017","Lithuania","LTU","2012",11.6
"1018","Lithuania","LTU","2013",10.49167
"1019","Lithuania","LTU","2014",9.241667
"1020","Lithuania","LTU","2015",8.183333
"1021","Lithuania","LTU","2016",6.683333
"1022","Lithuania","LTU","2017",5.683333
"1023","Lithuania","LTU","2018",5.441667
"1024","Lithuania","LTU","2019",5.525
"1025","Lithuania","LTU","2020",7.733333
"1026","Lithuania","LTU","2021",6.641667
"1027","Lithuania","LTU","2022",5.5
"1028","Denmark","DNK","2003",4.833333
"1029","Denmark","DNK","2004",5.091667
"1030","Denmark","DNK","2005",4.433333
"1031","Denmark","DNK","2006",3.341667
"1032","Denmark","DNK","2007",3.416667
"1033","Denmark","DNK","2008",3.333333
"1034","Denmark","DNK","2009",7.066667
"1035","Denmark","DNK","2010",8.633333
"1036","Denmark","DNK","2011",7.891667
"1037","Denmark","DNK","2012",7.8
"1038","Denmark","DNK","2013",7.116667
"1039","Denmark","DNK","2014",6.741667
"1040","Denmark","DNK","2015",6.05
"1041","Denmark","DNK","2016",5.65
"1042","Denmark","DNK","2017",5.633333
"1043","Denmark","DNK","2018",4.933333
"1044","Denmark","DNK","2019",4.783333
"1045","Denmark","DNK","2020",5.325
"1046","Denmark","DNK","2021",5.05
"1047","Denmark","DNK","2022",4.408333
"1048","Czechia","CZE","2003",6.1
"1049","Czechia","CZE","2004",7.025
"1050","Czechia","CZE","2005",6.475
"1051","Czechia","CZE","2006",5.825
"1052","Czechia","CZE","2007",4.208333
"1053","Czechia","CZE","2008",3.475
"1054","Czechia","CZE","2009",5.85
"1055","Czechia","CZE","2010",6.4
"1056","Czechia","CZE","2011",5.816667
"1057","Czechia","CZE","2012",6.033333
"1058","Czechia","CZE","2013",5.941667
"1059","Czechia","CZE","2014",5.108333
"1060","Czechia","CZE","2015",4.25
"1061","Czechia","CZE","2016",3.383333
"1062","Czechia","CZE","2017",2.358333
"1063","Czechia","CZE","2018",1.791667
"1064","Czechia","CZE","2019",1.716667
"1065","Czechia","CZE","2020",2.233333
"1066","Czechia","CZE","2021",2.308333
"1067","Czechia","CZE","2022",1.966667
"1068","Slovenia","SVN","2003",6.358333
"1069","Slovenia","SVN","2004",5.9
"1070","Slovenia","SVN","2005",6.075
"1071","Slovenia","SVN","2006",4.925
"1072","Slovenia","SVN","2007",3.991667
"1073","Slovenia","SVN","2008",4.008333
"1074","Slovenia","SVN","2009",5.891667
"1075","Slovenia","SVN","2010",7.433333
"1076","Slovenia","SVN","2011",8.183333
"1077","Slovenia","SVN","2012",8.4
"1078","Slovenia","SVN","2013",9.458333
"1079","Slovenia","SVN","2014",8.95
"1080","Slovenia","SVN","2015",8.058333
"1081","Slovenia","SVN","2016",7.508333
"1082","Slovenia","SVN","2017",5.791667
"1083","Slovenia","SVN","2018",4.6
"1084","Slovenia","SVN","2019",4.008333
"1085","Slovenia","SVN","2020",4.4
"1086","Slovenia","SVN","2021",4.275
"1087","Slovenia","SVN","2022",3.758333
"1088","Norway","NOR","2003",3.883333
"1089","Norway","NOR","2004",3.908333
"1090","Norway","NOR","2005",4.325
"1091","Norway","NOR","2006",3.633333
"1092","Norway","NOR","2007",2.758333
"1093","Norway","NOR","2008",2.825
"1094","Norway","NOR","2009",3.033333
"1095","Norway","NOR","2010",3.316667
"1096","Norway","NOR","2011",3.375
"1097","Norway","NOR","2012",3.091667
"1098","Norway","NOR","2013",3.733333
"1099","Norway","NOR","2014",3.608333
"1100","Norway","NOR","2015",4.366667
"1101","Norway","NOR","2016",4.175
"1102","Norway","NOR","2017",3.958333
"1103","Norway","NOR","2018",3.8
"1104","Norway","NOR","2019",3.625
"1105","Norway","NOR","2020",4.541667
"1106","Norway","NOR","2021",4.183333
"1107","Norway","NOR","2022",3.116667
"1108","United States","USA","2003",6.283333
"1109","United States","USA","2004",5.641667
"1110","United States","USA","2005",5.091667
"1111","United States","USA","2006",4.616667
"1112","United States","USA","2007",4.725
"1113","United States","USA","2008",6.091667
"1114","United States","USA","2009",10.29167
"1115","United States","USA","2010",10.51667
"1116","United States","USA","2011",9.375
"1117","United States","USA","2012",8.225
"1118","United States","USA","2013",7.625
"1119","United States","USA","2014",6.258333
"1120","United States","USA","2015",5.375
"1121","United States","USA","2016",4.941667
"1122","United States","USA","2017",4.4
"1123","United States","USA","2018",3.95
"1124","United States","USA","2019",3.725
"1125","United States","USA","2020",7.808333
"1126","United States","USA","2021",5.466667
"1127","United States","USA","2022",3.691667
"1128","France","FRA","2003",9.3
"1129","France","FRA","2004",9.666667
"1130","France","FRA","2005",9.625
"1131","France","FRA","2006",9.5
"1132","France","FRA","2007",8.408334
"1133","France","FRA","2008",7.791667
"1134","France","FRA","2009",9.241667
"1135","France","FRA","2010",9.5
"1136","France","FRA","2011",9.5
"1137","France","FRA","2012",9.733334
"1138","France","FRA","2013",10.20833
"1139","France","FRA","2014",9.975
"1140","France","FRA","2015",9.866667
"1141","France","FRA","2016",9.85
"1142","France","FRA","2017",9.366667
"1143","France","FRA","2018",9.041667
"1144","France","FRA","2019",8.358334
"1145","France","FRA","2020",7.95
"1146","France","FRA","2021",7.75
"1147","France","FRA","2022",7.133333
"1148","Italy","ITA","2003",6.458333
"1149","Italy","ITA","2004",6.4
"1150","Italy","ITA","2005",6.258333
"1151","Italy","ITA","2006",5.525
"1152","Italy","ITA","2007",4.95
"1153","Italy","ITA","2008",5.566667
"1154","Italy","ITA","2009",6.883333
"1155","Italy","ITA","2010",7.716667
"1156","Italy","ITA","2011",7.691667
"1157","Italy","ITA","2012",10.1
"1158","Italy","ITA","2013",11.725
"1159","Italy","ITA","2014",12.09167
"1160","Italy","ITA","2015",11.46667
"1161","Italy","ITA","2016",10.96667
"1162","Italy","ITA","2017",10.39167
"1163","Italy","ITA","2018",9.758333
"1164","Italy","ITA","2019",9.116667
"1165","Italy","ITA","2020",8.558333
"1166","Italy","ITA","2021",8.733334
"1167","Italy","ITA","2022",7.133333
"1168","Austria","AUT","2003",4.608333
"1169","Austria","AUT","2004",6.166667
"1170","Austria","AUT","2005",6.116667
"1171","Austria","AUT","2006",5.883333
"1172","Austria","AUT","2007",5.55
"1173","Austria","AUT","2008",4.625
"1174","Austria","AUT","2009",5.333333
"1175","Austria","AUT","2010",4.85
"1176","Austria","AUT","2011",4.808333
"1177","Austria","AUT","2012",5
"1178","Austria","AUT","2013",5.541667
"1179","Austria","AUT","2014",5.65
"1180","Austria","AUT","2015",5.566667
"1181","Austria","AUT","2016",5.808333
"1182","Austria","AUT","2017",5.283333
"1183","Austria","AUT","2018",4.875
"1184","Austria","AUT","2019",4.566667
"1185","Austria","AUT","2020",5.891667
"1186","Austria","AUT","2021",6.141667
"1187","Austria","AUT","2022",4.541667
"1188","Australia","AUS","2003",5.888669
"1189","Australia","AUS","2004",5.281922
"1190","Australia","AUS","2005",4.879681
"1191","Australia","AUS","2006",4.669972
"1192","Australia","AUS","2007",4.041836
"1193","Australia","AUS","2008",3.954261
"1194","Australia","AUS","2009",5.694293
"1195","Australia","AUS","2010",5.076458
"1196","Australia","AUS","2011",4.893791
"1197","Australia","AUS","2012",5.13732
"1198","Australia","AUS","2013",5.706582
"1199","Australia","AUS","2014",5.996284
"1200","Australia","AUS","2015",6.039518
"1201","Australia","AUS","2016",5.650557
"1202","Australia","AUS","2017",5.529111
"1203","Australia","AUS","2018",5.290275
"1204","Australia","AUS","2019",5.218657
"1205","Australia","AUS","2020",6.558751
"1206","Australia","AUS","2021",5.201632
"1207","Australia","AUS","2022",3.770901
"1208","Switzerland","CHE","2010",4.480014
"1209","Switzerland","CHE","2011",4.071872
"1210","Switzerland","CHE","2012",4.274872
"1211","Switzerland","CHE","2013",4.601809
"1212","Switzerland","CHE","2014",4.691212
"1213","Switzerland","CHE","2015",4.704126
"1214","Switzerland","CHE","2016",4.842568
"1215","Switzerland","CHE","2017",4.571538
"1216","Switzerland","CHE","2018",4.368545
"1217","Switzerland","CHE","2019",4.115638
"1218","Switzerland","CHE","2020",4.657479
"1219","Switzerland","CHE","2021",4.906497
"1220","Switzerland","CHE","2022",4.06251
"1221","Slovakia","SVK","2003",17.51667
"1222","Slovakia","SVK","2004",17.55
"1223","Slovakia","SVK","2005",15.56667
"1224","Slovakia","SVK","2006",12.375
"1225","Slovakia","SVK","2007",9.983334
"1226","Slovakia","SVK","2008",8.425
"1227","Slovakia","SVK","2009",11.24167
"1228","Slovakia","SVK","2010",14.03333
"1229","Slovakia","SVK","2011",13.40833
"1230","Slovakia","SVK","2012",13.25833
"1231","Slovakia","SVK","2013",13.7
"1232","Slovakia","SVK","2014",12.55833
"1233","Slovakia","SVK","2015",10.11667
"1234","Slovakia","SVK","2016",8.558333
"1235","Slovakia","SVK","2017",7.708333
"1236","Slovakia","SVK","2018",5.983333
"1237","Slovakia","SVK","2019",5.45
"1238","Slovakia","SVK","2020",6.233333
"1239","Slovakia","SVK","2021",6.675
"1240","Slovakia","SVK","2022",5.933333
"1241","Japan","JPN","2003",4.941667
"1242","Japan","JPN","2004",4.425
"1243","Japan","JPN","2005",4.225
"1244","Japan","JPN","2006",3.85
"1245","Japan","JPN","2007",3.725
"1246","Japan","JPN","2008",3.85
"1247","Japan","JPN","2009",4.783333
"1248","Japan","JPN","2010",4.583333
"1249","Japan","JPN","2011",4.166667
"1250","Japan","JPN","2012",4.025
"1251","Japan","JPN","2013",3.666667
"1252","Japan","JPN","2014",3.358333
"1253","Japan","JPN","2015",3.091667
"1254","Japan","JPN","2016",2.833333
"1255","Japan","JPN","2017",2.641667
"1256","Japan","JPN","2018",2.241667
"1257","Japan","JPN","2019",2.175
"1258","Japan","JPN","2020",2.516667
"1259","Japan","JPN","2021",2.525
"1260","Japan","JPN","2022",2.35
"1261","Norway","NOR","2003",4.516667
"1262","Norway","NOR","2004",4.625
"1263","Norway","NOR","2005",4.691667
"1264","Norway","NOR","2006",3.558333
"1265","Norway","NOR","2007",2.683333
"1266","Norway","NOR","2008",3
"1267","Norway","NOR","2009",3.841667
"1268","Norway","NOR","2010",4.508333
"1269","Norway","NOR","2011",3.7
"1270","Norway","NOR","2012",3.825
"1271","Norway","NOR","2013",4.133333
"1272","Norway","NOR","2014",3.933333
"1273","Norway","NOR","2015",4.958333
"1274","Norway","NOR","2016",5.558333
"1275","Norway","NOR","2017",4.758333
"1276","Norway","NOR","2018",4.208333
"1277","Norway","NOR","2019",4.1
"1278","Norway","NOR","2020",4.941667
"1279","Norway","NOR","2021",4.675
"1280","Norway","NOR","2022",3.366667
"1281","Czechia","CZE","2003",9.883333
"1282","Czechia","CZE","2004",9.916667
"1283","Czechia","CZE","2005",9.8
"1284","Czechia","CZE","2006",8.833333
"1285","Czechia","CZE","2007",6.741667
"1286","Czechia","CZE","2008",5.616667
"1287","Czechia","CZE","2009",7.733333
"1288","Czechia","CZE","2010",8.441667
"1289","Czechia","CZE","2011",7.891667
"1290","Czechia","CZE","2012",8.208333
"1291","Czechia","CZE","2013",8.3
"1292","Czechia","CZE","2014",7.408333
"1293","Czechia","CZE","2015",6.083333
"1294","Czechia","CZE","2016",4.683333
"1295","Czechia","CZE","2017",3.591667
"1296","Czechia","CZE","2018",2.808333
"1297","Czechia","CZE","2019",2.375
"1298","Czechia","CZE","2020",2.958333
"1299","Czechia","CZE","2021",3.433333
"1300","Czechia","CZE","2022",2.933333
"1301","Israel","ISR","2003",11.31172
"1302","Israel","ISR","2004",11.36946
"1303","Israel","ISR","2005",9.526857
"1304","Israel","ISR","2006",8.990445
"1305","Israel","ISR","2007",7.944839
"1306","Israel","ISR","2008",6.503122
"1307","Israel","ISR","2009",7.538583
"1308","Israel","ISR","2010",6.493265
"1309","Israel","ISR","2011",5.618898
"1310","Israel","ISR","2012",6.958333
"1311","Israel","ISR","2013",6.258333
"1312","Israel","ISR","2014",5.916667
"1313","Israel","ISR","2015",5.391667
"1314","Israel","ISR","2016",4.933333
"1315","Israel","ISR","2017",4.316667
"1316","Israel","ISR","2018",3.958333
"1317","Israel","ISR","2019",3.908333
"1318","Israel","ISR","2020",4.116667
"1319","Israel","ISR","2021",4.866667
"1320","Israel","ISR","2022",3.641667
"1321","Chile","CHL","2003",10.325
"1322","Chile","CHL","2004",11.2075
"1323","Chile","CHL","2005",10.59
"1324","Chile","CHL","2006",9.4925
"1325","Chile","CHL","2007",8.605
"1326","Chile","CHL","2008",9.51
"1327","Chile","CHL","2009",10.7
"1328","Chile","CHL","2010",9.65
"1329","Chile","CHL","2011",8.675
"1330","Chile","CHL","2012",8.011866
"1331","Chile","CHL","2013",7.052308
"1332","Chile","CHL","2014",7.069492
"1333","Chile","CHL","2015",7.026814
"1334","Chile","CHL","2016",7.227154
"1335","Chile","CHL","2017",7.550926
"1336","Chile","CHL","2018",8.253469
"1337","Chile","CHL","2019",7.960304
"1338","Chile","CHL","2020",10.98548
"1339","Chile","CHL","2021",9.185197
"1340","Chile","CHL","2022",8.487947
"1341","Mexico","MEX","2003",4.305833
"1342","Mexico","MEX","2004",5.099167
"1343","Mexico","MEX","2005",3.959703
"1344","Mexico","MEX","2006",3.894676
"1345","Mexico","MEX","2007",4.127341
"1346","Mexico","MEX","2008",4.139741
"1347","Mexico","MEX","2009",5.478209
"1348","Mexico","MEX","2010",5.268552
"1349","Mexico","MEX","2011",5.262735
"1350","Mexico","MEX","2012",4.983295
"1351","Mexico","MEX","2013",5.011517
"1352","Mexico","MEX","2014",4.858718
"1353","Mexico","MEX","2015",4.531106
"1354","Mexico","MEX","2016",3.949706
"1355","Mexico","MEX","2017",3.612637
"1356","Mexico","MEX","2018",3.446678
"1357","Mexico","MEX","2019",3.554591
"1358","Mexico","MEX","2020",4.193911
"1359","Mexico","MEX","2021",4.136455
"1360","Mexico","MEX","2022",3.284703
"1361","Israel","ISR","2003",10.19231
"1362","Israel","ISR","2004",9.501044
"1363","Israel","ISR","2005",8.522532
"1364","Israel","ISR","2006",7.894873
"1365","Israel","ISR","2007",6.774822
"1366","Israel","ISR","2008",5.746941
"1367","Israel","ISR","2009",7.549529
"1368","Israel","ISR","2010",6.764515
"1369","Israel","ISR","2011",5.589631
"1370","Israel","ISR","2012",6.75
"1371","Israel","ISR","2013",6.191667
"1372","Israel","ISR","2014",5.858333
"1373","Israel","ISR","2015",5.116667
"1374","Israel","ISR","2016",4.658333
"1375","Israel","ISR","2017",4.125
"1376","Israel","ISR","2018",4.041667
"1377","Israel","ISR","2019",3.691667
"1378","Israel","ISR","2020",4.525
"1379","Israel","ISR","2021",5.041667
"1380","Israel","ISR","2022",3.866667
"1381","Hungary","HUN","2003",5.966667
"1382","Hungary","HUN","2004",6.066667
"1383","Hungary","HUN","2005",6.975
"1384","Hungary","HUN","2006",7.175
"1385","Hungary","HUN","2007",7.141667
"1386","Hungary","HUN","2008",7.616667
"1387","Hungary","HUN","2009",10.26667
"1388","Hungary","HUN","2010",11.60833
"1389","Hungary","HUN","2011",11.04167
"1390","Hungary","HUN","2012",11.15833
"1391","Hungary","HUN","2013",10
"1392","Hungary","HUN","2014",7.508333
"1393","Hungary","HUN","2015",6.516667
"1394","Hungary","HUN","2016",4.941667
"1395","Hungary","HUN","2017",3.883333
"1396","Hungary","HUN","2018",3.391667
"1397","Hungary","HUN","2019",3.225
"1398","Hungary","HUN","2020",4.091667
"1399","Hungary","HUN","2021",3.908333
"1400","Hungary","HUN","2022",3.658333
"1401","France","FRA","2003",7.816667
"1402","France","FRA","2004",8.158334
"1403","France","FRA","2005",8.2
"1404","France","FRA","2006",8.258333
"1405","France","FRA","2007",7.633333
"1406","France","FRA","2008",7.075
"1407","France","FRA","2009",9.016666
"1408","France","FRA","2010",9.075
"1409","France","FRA","2011",8.925
"1410","France","FRA","2012",9.791667
"1411","France","FRA","2013",10.40833
"1412","France","FRA","2014",10.53333
"1413","France","FRA","2015",10.775
"1414","France","FRA","2016",10.25833
"1415","France","FRA","2017",9.483334
"1416","France","FRA","2018",9
"1417","France","FRA","2019",8.491667
"1418","France","FRA","2020",8.108334
"1419","France","FRA","2021",7.983333
"1420","France","FRA","2022",7.491667
"1421","Slovakia","SVK","2003",17.88333
"1422","Slovakia","SVK","2004",19.33333
"1423","Slovakia","SVK","2005",17.35
"1424","Slovakia","SVK","2006",14.85833
"1425","Slovakia","SVK","2007",12.76667
"1426","Slovakia","SVK","2008",11
"1427","Slovakia","SVK","2009",13.05833
"1428","Slovakia","SVK","2010",14.86667
"1429","Slovakia","SVK","2011",13.86667
"1430","Slovakia","SVK","2012",14.65833
"1431","Slovakia","SVK","2013",14.65
"1432","Slovakia","SVK","2014",13.75
"1433","Slovakia","SVK","2015",13
"1434","Slovakia","SVK","2016",10.85833
"1435","Slovakia","SVK","2017",8.5
"1436","Slovakia","SVK","2018",7.1
"1437","Slovakia","SVK","2019",6.008333
"1438","Slovakia","SVK","2020",7.133333
"1439","Slovakia","SVK","2021",6.983333
"1440","Slovakia","SVK","2022",6.391667
"1441","Colombia","COL","2007",8.848333
"1442","Colombia","COL","2008",9.013333
"1443","Colombia","COL","2009",9.541667
"1444","Colombia","COL","2010",9.165
"1445","Colombia","COL","2011",8.365833
"1446","Colombia","COL","2012",8.0025
"1447","Colombia","COL","2013",7.49
"1448","Colombia","COL","2014",7.1125
"1449","Colombia","COL","2015",6.81
"1450","Colombia","COL","2016",7.133333
"1451","Colombia","COL","2017",7.1575
"1452","Colombia","COL","2018",7.3875
"1453","Colombia","COL","2019",8.120833
"1454","Colombia","COL","2020",12.80333
"1455","Colombia","COL","2021",11.27083
"1456","Colombia","COL","2022",8.961667
"1457","Greece","GRC","2003",6.216667
"1458","Greece","GRC","2004",6.675
"1459","Greece","GRC","2005",6.225
"1460","Greece","GRC","2006",5.708333
"1461","Greece","GRC","2007",5.258333
"1462","Greece","GRC","2008",5.15
"1463","Greece","GRC","2009",7.066667
"1464","Greece","GRC","2010",10.20833
"1465","Greece","GRC","2011",15.34167
"1466","Greece","GRC","2012",21.91667
"1467","Greece","GRC","2013",24.825
"1468","Greece","GRC","2014",23.70833
"1469","Greece","GRC","2015",21.775
"1470","Greece","GRC","2016",20.18333
"1471","Greece","GRC","2017",18.19167
"1472","Greece","GRC","2018",15.79167
"1473","Greece","GRC","2019",14.36667
"1474","Greece","GRC","2020",14.58333
"1475","Greece","GRC","2021",11.41667
"1476","Greece","GRC","2022",9.308333
"1477","Luxembourg","LUX","2003",4.908333
"1478","Luxembourg","LUX","2004",6.8
"1479","Luxembourg","LUX","2005",6.075
"1480","Luxembourg","LUX","2006",5.925
"1481","Luxembourg","LUX","2007",5.125
"1482","Luxembourg","LUX","2008",5.916667
"1483","Luxembourg","LUX","2009",5.891667
"1484","Luxembourg","LUX","2010",5.508333
"1485","Luxembourg","LUX","2011",6.008333
"1486","Luxembourg","LUX","2012",5.775
"1487","Luxembourg","LUX","2013",6.191667
"1488","Luxembourg","LUX","2014",6.358333
"1489","Luxembourg","LUX","2015",7.133333
"1490","Luxembourg","LUX","2016",6.558333
"1491","Luxembourg","LUX","2017",5.625
"1492","Luxembourg","LUX","2018",5.708333
"1493","Luxembourg","LUX","2019",5.55
"1494","Luxembourg","LUX","2020",6.841667
"1495","Luxembourg","LUX","2021",5.875
"1496","Luxembourg","LUX","2022",4.7
"1497","Hungary","HUN","2003",5.45
"1498","Hungary","HUN","2004",6.091667
"1499","Hungary","HUN","2005",7.433333
"1500","Hungary","HUN","2006",7.808333
"1501","Hungary","HUN","2007",7.675
"1502","Hungary","HUN","2008",8.008333
"1503","Hungary","HUN","2009",9.041667
"1504","Hungary","HUN","2010",9.941667
"1505","Hungary","HUN","2011",10.2
"1506","Hungary","HUN","2012",9.991667
"1507","Hungary","HUN","2013",9.2
"1508","Hungary","HUN","2014",7.35
"1509","Hungary","HUN","2015",6.516667
"1510","Hungary","HUN","2016",4.858333
"1511","Hungary","HUN","2017",4.241667
"1512","Hungary","HUN","2018",3.691667
"1513","Hungary","HUN","2019",3.291667
"1514","Hungary","HUN","2020",4.225
"1515","Hungary","HUN","2021",4.175
"1516","Hungary","HUN","2022",3.533333
"1517","New Zealand","NZL","2003",5.1
"1518","New Zealand","NZL","2004",4.575
"1519","New Zealand","NZL","2005",4.15
"1520","New Zealand","NZL","2006",4.2
"1521","New Zealand","NZL","2007",3.9
"1522","New Zealand","NZL","2008",4.125
"1523","New Zealand","NZL","2009",5.8
"1524","New Zealand","NZL","2010",6.5
"1525","New Zealand","NZL","2011",6.2
"1526","New Zealand","NZL","2012",6.775
"1527","New Zealand","NZL","2013",6.4
"1528","New Zealand","NZL","2014",6.125
"1529","New Zealand","NZL","2015",5.9
"1530","New Zealand","NZL","2016",5.525
"1531","New Zealand","NZL","2017",5.25
"1532","New Zealand","NZL","2018",4.5
"1533","New Zealand","NZL","2019",4.425
"1534","New Zealand","NZL","2020",4.975
"1535","New Zealand","NZL","2021",3.875
"1536","New Zealand","NZL","2022",3.55
"1537","United States","USA","2003",5.666667
"1538","United States","USA","2004",5.4
"1539","United States","USA","2005",5.083333
"1540","United States","USA","2006",4.633333
"1541","United States","USA","2007",4.5
"1542","United States","USA","2008",5.408333
"1543","United States","USA","2009",8.058333
"1544","United States","USA","2010",8.616667
"1545","United States","USA","2011",8.466666
"1546","United States","USA","2012",7.891667
"1547","United States","USA","2013",7.083333
"1548","United States","USA","2014",6.05
"1549","United States","USA","2015",5.175
"1550","United States","USA","2016",4.791667
"1551","United States","USA","2017",4.316667
"1552","United States","USA","2018",3.833333
"1553","United States","USA","2019",3.616667
"1554","United States","USA","2020",8.383333
"1555","United States","USA","2021",5.225
"1556","United States","USA","2022",3.616667
"1557","Lithuania","LTU","2003",12.69167
"1558","Lithuania","LTU","2004",10.48333
"1559","Lithuania","LTU","2005",8.125
"1560","Lithuania","LTU","2006",5.941667
"1561","Lithuania","LTU","2007",4.2
"1562","Lithuania","LTU","2008",6.025
"1563","Lithuania","LTU","2009",17.10833
"1564","Lithuania","LTU","2010",21.25
"1565","Lithuania","LTU","2011",17.9
"1566","Lithuania","LTU","2012",15.23333
"1567","Lithuania","LTU","2013",13.125
"1568","Lithuania","LTU","2014",12.23333
"1569","Lithuania","LTU","2015",10.11667
"1570","Lithuania","LTU","2016",9.125
"1571","Lithuania","LTU","2017",8.541667
"1572","Lithuania","LTU","2018",6.925
"1573","Lithuania","LTU","2019",7.058333
"1574","Lithuania","LTU","2020",9.325
"1575","Lithuania","LTU","2021",7.6
"1576","Lithuania","LTU","2022",6.341667
"1577","Canada","CAN","2003",7.95
"1578","Canada","CAN","2004",7.475
"1579","Canada","CAN","2005",7.016667
"1580","Canada","CAN","2006",6.733333
"1581","Canada","CAN","2007",6.483333
"1582","Canada","CAN","2008",6.733333
"1583","Canada","CAN","2009",9.633333
"1584","Canada","CAN","2010",8.933333
"1585","Canada","CAN","2011",8.075
"1586","Canada","CAN","2012",7.791667
"1587","Canada","CAN","2013",7.575
"1588","Canada","CAN","2014",7.5
"1589","Canada","CAN","2015",7.533333
"1590","Canada","CAN","2016",7.733333
"1591","Canada","CAN","2017",6.891667
"1592","Canada","CAN","2018",6.125
"1593","Canada","CAN","2019",6.075
"1594","Canada","CAN","2020",9.808333
"1595","Canada","CAN","2021",7.708333
"1596","Canada","CAN","2022",5.425
"1597","Latvia","LVA","2003",11.69167
"1598","Latvia","LVA","2004",12.00833
"1599","Latvia","LVA","2005",9.991667
"1600","Latvia","LVA","2006",6.741667
"1601","Latvia","LVA","2007",5.575
"1602","Latvia","LVA","2008",7.075
"1603","Latvia","LVA","2009",14.2
"1604","Latvia","LVA","2010",16.33333
"1605","Latvia","LVA","2011",13.8
"1606","Latvia","LVA","2012",13.95
"1607","Latvia","LVA","2013",11.15
"1608","Latvia","LVA","2014",9.841666
"1609","Latvia","LVA","2015",8.633333
"1610","Latvia","LVA","2016",8.408334
"1611","Latvia","LVA","2017",7.675
"1612","Latvia","LVA","2018",6.433333
"1613","Latvia","LVA","2019",5.441667
"1614","Latvia","LVA","2020",7.066667
"1615","Latvia","LVA","2021",6.591667
"1616","Latvia","LVA","2022",5.55
"1617","Colombia","COL","2007",14.86583
"1618","Colombia","COL","2008",14.82667
"1619","Colombia","COL","2009",15.93667
"1620","Colombia","COL","2010",15.74833
"1621","Colombia","COL","2011",14.51083
"1622","Colombia","COL","2012",13.78333
"1623","Colombia","COL","2013",12.70083
"1624","Colombia","COL","2014",11.94917
"1625","Colombia","COL","2015",11.72583
"1626","Colombia","COL","2016",11.93083
"1627","Colombia","COL","2017",12.05083
"1628","Colombia","COL","2018",12.31083
"1629","Colombia","COL","2019",13.3
"1630","Colombia","COL","2020",20.065
"1631","Colombia","COL","2021",17.47667
"1632","Colombia","COL","2022",14.3025
"1633","Sweden","SWE","2003",6.925
"1634","Sweden","SWE","2004",7.591667
"1635","Sweden","SWE","2005",7.841667
"1636","Sweden","SWE","2006",7.091667
"1637","Sweden","SWE","2007",6.05
"1638","Sweden","SWE","2008",6.058333
"1639","Sweden","SWE","2009",8.808333
"1640","Sweden","SWE","2010",8.85
"1641","Sweden","SWE","2011",7.983333
"1642","Sweden","SWE","2012",8.375
"1643","Sweden","SWE","2013",8.383333
"1644","Sweden","SWE","2014",8.333333
"1645","Sweden","SWE","2015",7.733333
"1646","Sweden","SWE","2016",7.491667
"1647","Sweden","SWE","2017",7.108333
"1648","Sweden","SWE","2018",6.675
"1649","Sweden","SWE","2019",6.858333
"1650","Sweden","SWE","2020",8.541667
"1651","Sweden","SWE","2021",8.525
"1652","Sweden","SWE","2022",7.041667
"1653","Estonia","EST","2003",10.8
"1654","Estonia","EST","2004",11.08333
"1655","Estonia","EST","2005",8.983334
"1656","Estonia","EST","2006",6.3
"1657","Estonia","EST","2007",5.3
"1658","Estonia","EST","2008",5.941667
"1659","Estonia","EST","2009",16.675
"1660","Estonia","EST","2010",19.36667
"1661","Estonia","EST","2011",13.10833
"1662","Estonia","EST","2012",10.91667
"1663","Estonia","EST","2013",9.008333
"1664","Estonia","EST","2014",7.883333
"1665","Estonia","EST","2015",6.575
"1666","Estonia","EST","2016",7.533333
"1667","Estonia","EST","2017",6.375
"1668","Estonia","EST","2018",5.591667
"1669","Estonia","EST","2019",4.191667
"1670","Estonia","EST","2020",7.066667
"1671","Estonia","EST","2021",6.775
"1672","Estonia","EST","2022",6.141667
"1673","Portugal","PRT","2003",7.766667
"1674","Portugal","PRT","2004",8.125
"1675","Portugal","PRT","2005",9.058333
"1676","Portugal","PRT","2006",8.933333
"1677","Portugal","PRT","2007",8.983334
"1678","Portugal","PRT","2008",8.933333
"1679","Portugal","PRT","2009",11.4
"1680","Portugal","PRT","2010",12.30833
"1681","Portugal","PRT","2011",13.16667
"1682","Portugal","PRT","2012",16.75
"1683","Portugal","PRT","2013",17.14167
"1684","Portugal","PRT","2014",14.39167
"1685","Portugal","PRT","2015",12.86667
"1686","Portugal","PRT","2016",11.45
"1687","Portugal","PRT","2017",8.833333
"1688","Portugal","PRT","2018",6.816667
"1689","Portugal","PRT","2019",6.033333
"1690","Portugal","PRT","2020",6.808333
"1691","Portugal","PRT","2021",6.291667
"1692","Portugal","PRT","2022",5.6
"1693","Italy","ITA","2003",11.34167
"1694","Italy","ITA","2004",10.49167
"1695","Italy","ITA","2005",10.05
"1696","Italy","ITA","2006",8.841666
"1697","Italy","ITA","2007",7.883333
"1698","Italy","ITA","2008",8.483334
"1699","Italy","ITA","2009",9.266666
"1700","Italy","ITA","2010",9.708333
"1701","Italy","ITA","2011",9.633333
"1702","Italy","ITA","2012",11.95833
"1703","Italy","ITA","2013",13.2
"1704","Italy","ITA","2014",13.825
"1705","Italy","ITA","2015",12.74167
"1706","Italy","ITA","2016",12.78333
"1707","Italy","ITA","2017",12.40833
"1708","Italy","ITA","2018",11.75
"1709","Italy","ITA","2019",11.05
"1710","Italy","ITA","2020",10.31667
"1711","Italy","ITA","2021",10.65833
"1712","Italy","ITA","2022",9.383333
"1713","Canada","CAN","2003",7.141667
"1714","Canada","CAN","2004",6.85
"1715","Canada","CAN","2005",6.466667
"1716","Canada","CAN","2006",6.2
"1717","Canada","CAN","2007",5.775
"1718","Canada","CAN","2008",5.758333
"1719","Canada","CAN","2009",7.158333
"1720","Canada","CAN","2010",7.35
"1721","Canada","CAN","2011",7.175
"1722","Canada","CAN","2012",6.966667
"1723","Canada","CAN","2013",6.683333
"1724","Canada","CAN","2014",6.5
"1725","Canada","CAN","2015",6.3
"1726","Canada","CAN","2016",6.275
"1727","Canada","CAN","2017",5.916667
"1728","Canada","CAN","2018",5.516667
"1729","Canada","CAN","2019",5.266667
"1730","Canada","CAN","2020",9.591666
"1731","Canada","CAN","2021",7.358333
"1732","Canada","CAN","2022",5.141667
"1733","Finland","FIN","2003",9.175
"1734","Finland","FIN","2004",8.758333
"1735","Finland","FIN","2005",8.166667
"1736","Finland","FIN","2006",7.375
"1737","Finland","FIN","2007",6.541667
"1738","Finland","FIN","2008",6.066667
"1739","Finland","FIN","2009",9.233334
"1740","Finland","FIN","2010",9.4
"1741","Finland","FIN","2011",8.7
"1742","Finland","FIN","2012",8.525
"1743","Finland","FIN","2013",9.066667
"1744","Finland","FIN","2014",9.575
"1745","Finland","FIN","2015",10.24167
"1746","Finland","FIN","2016",9.375
"1747","Finland","FIN","2017",9.158334
"1748","Finland","FIN","2018",7.716667
"1749","Finland","FIN","2019",7.258333
"1750","Finland","FIN","2020",8.058333
"1751","Finland","FIN","2021",8.191667
"1752","Finland","FIN","2022",7.108333
"1753","Australia","AUS","2003",5.977485
"1754","Australia","AUS","2004",5.539613
"1755","Australia","AUS","2005",5.22245
"1756","Australia","AUS","2006",4.92522
"1757","Australia","AUS","2007",4.787311
"1758","Australia","AUS","2008",4.571883
"1759","Australia","AUS","2009",5.399816
"1760","Australia","AUS","2010",5.377285
"1761","Australia","AUS","2011",5.304792
"1762","Australia","AUS","2012",5.325491
"1763","Australia","AUS","2013",5.609225
"1764","Australia","AUS","2014",6.17203
"1765","Australia","AUS","2015",6.076174
"1766","Australia","AUS","2016",5.779705
"1767","Australia","AUS","2017",5.672569
"1768","Australia","AUS","2018",5.327362
"1769","Australia","AUS","2019",5.109109
"1770","Australia","AUS","2020",6.355812
"1771","Australia","AUS","2021",5.01555
"1772","Australia","AUS","2022",3.633898
"1773","Latvia","LVA","2003",11.58333
"1774","Latvia","LVA","2004",11.50833
"1775","Latvia","LVA","2005",10.1
"1776","Latvia","LVA","2006",7.333333
"1777","Latvia","LVA","2007",6.516667
"1778","Latvia","LVA","2008",8.391666
"1779","Latvia","LVA","2009",20.94167
"1780","Latvia","LVA","2010",22.74167
"1781","Latvia","LVA","2011",18.64167
"1782","Latvia","LVA","2012",16.19167
"1783","Latvia","LVA","2013",12.6
"1784","Latvia","LVA","2014",11.85833
"1785","Latvia","LVA","2015",11.08333
"1786","Latvia","LVA","2016",10.9
"1787","Latvia","LVA","2017",9.775
"1788","Latvia","LVA","2018",8.416667
"1789","Latvia","LVA","2019",7.191667
"1790","Latvia","LVA","2020",9.125
"1791","Latvia","LVA","2021",8.508333
"1792","Latvia","LVA","2022",8.15
"1793","Switzerland","CHE","2010",5.187603
"1794","Switzerland","CHE","2011",4.794016
"1795","Switzerland","CHE","2012",4.729824
"1796","Switzerland","CHE","2013",4.919197
"1797","Switzerland","CHE","2014",4.989128
"1798","Switzerland","CHE","2015",4.911623
"1799","Switzerland","CHE","2016",5.006649
"1800","Switzerland","CHE","2017",5.059075
"1801","Switzerland","CHE","2018",5.109302
"1802","Switzerland","CHE","2019",4.711465
"1803","Switzerland","CHE","2020",4.992707
"1804","Switzerland","CHE","2021",5.31777
"1805","Switzerland","CHE","2022",4.570727
"1806","New Zealand","NZL","2003",4.425
"1807","New Zealand","NZL","2004",3.575
"1808","New Zealand","NZL","2005",3.525
"1809","New Zealand","NZL","2006",3.525
"1810","New Zealand","NZL","2007",3.375
"1811","New Zealand","NZL","2008",3.975
"1812","New Zealand","NZL","2009",5.925
"1813","New Zealand","NZL","2010",5.975
"1814","New Zealand","NZL","2011",5.875
"1815","New Zealand","NZL","2012",6.225
"1816","New Zealand","NZL","2013",5.3
"1817","New Zealand","NZL","2014",4.8
"1818","New Zealand","NZL","2015",4.975
"1819","New Zealand","NZL","2016",4.825
"1820","New Zealand","NZL","2017",4.275
"1821","New Zealand","NZL","2018",4.175
"1822","New Zealand","NZL","2019",3.825
"1823","New Zealand","NZL","2020",4.25
"1824","New Zealand","NZL","2021",3.7
"1825","New Zealand","NZL","2022",3.1
"1826","Luxembourg","LUX","2003",3.008333
"1827","Luxembourg","LUX","2004",3.625
"1828","Luxembourg","LUX","2005",3.591667
"1829","Luxembourg","LUX","2006",3.541667
"1830","Luxembourg","LUX","2007",3.416667
"1831","Luxembourg","LUX","2008",4.141667
"1832","Luxembourg","LUX","2009",4.525
"1833","Luxembourg","LUX","2010",3.841667
"1834","Luxembourg","LUX","2011",3.933333
"1835","Luxembourg","LUX","2012",4.508333
"1836","Luxembourg","LUX","2013",5.575
"1837","Luxembourg","LUX","2014",5.8
"1838","Luxembourg","LUX","2015",5.883333
"1839","Luxembourg","LUX","2016",6.141667
"1840","Luxembourg","LUX","2017",5.583333
"1841","Luxembourg","LUX","2018",5.316667
"1842","Luxembourg","LUX","2019",5.608333
"1843","Luxembourg","LUX","2020",6.516667
"1844","Luxembourg","LUX","2021",5
"1845","Luxembourg","LUX","2022",4.475
"1846","Slovenia","SVN","2003",7.108333
"1847","Slovenia","SVN","2004",6.841667
"1848","Slovenia","SVN","2005",7.058333
"1849","Slovenia","SVN","2006",7.233333
"1850","Slovenia","SVN","2007",5.866667
"1851","Slovenia","SVN","2008",4.841667
"1852","Slovenia","SVN","2009",5.808333
"1853","Slovenia","SVN","2010",7.05
"1854","Slovenia","SVN","2011",8.183333
"1855","Slovenia","SVN","2012",9.391666
"1856","Slovenia","SVN","2013",10.89167
"1857","Slovenia","SVN","2014",10.59167
"1858","Slovenia","SVN","2015",10.09167
"1859","Slovenia","SVN","2016",8.608334
"1860","Slovenia","SVN","2017",7.458333
"1861","Slovenia","SVN","2018",5.716667
"1862","Slovenia","SVN","2019",4.95
"1863","Slovenia","SVN","2020",5.65
"1864","Slovenia","SVN","2021",5.358333
"1865","Slovenia","SVN","2022",4.325
"1866","Belgium","BEL","2003",8.841666
"1867","Belgium","BEL","2004",9.55
"1868","Belgium","BEL","2005",9.525
"1869","Belgium","BEL","2006",9.325
"1870","Belgium","BEL","2007",8.466666
"1871","Belgium","BEL","2008",7.6
"1872","Belgium","BEL","2009",8.175
"1873","Belgium","BEL","2010",8.591666
"1874","Belgium","BEL","2011",7.25
"1875","Belgium","BEL","2012",7.508333
"1876","Belgium","BEL","2013",8.241667
"1877","Belgium","BEL","2014",8.075
"1878","Belgium","BEL","2015",7.908333
"1879","Belgium","BEL","2016",7.583333
"1880","Belgium","BEL","2017",7.058333
"1881","Belgium","BEL","2018",5.583333
"1882","Belgium","BEL","2019",4.95
"1883","Belgium","BEL","2020",5.35
"1884","Belgium","BEL","2021",5.875
"1885","Belgium","BEL","2022",5.258333
"1886","Iceland","ISL","2003",3.191667
"1887","Iceland","ISL","2004",3.183333
"1888","Iceland","ISL","2005",2.833333
"1889","Iceland","ISL","2006",3.391667
"1890","Iceland","ISL","2007",2.525
"1891","Iceland","ISL","2008",2.858333
"1892","Iceland","ISL","2009",6.225
"1893","Iceland","ISL","2010",7.225
"1894","Iceland","ISL","2011",6.725
"1895","Iceland","ISL","2012",6.266667
"1896","Iceland","ISL","2013",5.566667
"1897","Iceland","ISL","2014",5.275
"1898","Iceland","ISL","2015",4.6
"1899","Iceland","ISL","2016",3.325
"1900","Iceland","ISL","2017",3.191667
"1901","Iceland","ISL","2018",3.033333
"1902","Iceland","ISL","2019",3.45
"1903","Iceland","ISL","2020",6.291667
"1904","Iceland","ISL","2021",6.458333
"1905","Iceland","ISL","2022",3.383333
"1906","Japan","JPN","2003",5.466667
"1907","Japan","JPN","2004",4.916667
"1908","Japan","JPN","2005",4.566667
"1909","Japan","JPN","2006",4.325
"1910","Japan","JPN","2007",3.941667
"1911","Japan","JPN","2008",4.066667
"1912","Japan","JPN","2009",5.275
"1913","Japan","JPN","2010",5.4
"1914","Japan","JPN","2011",4.875
"1915","Japan","JPN","2012",4.558333
"1916","Japan","JPN","2013",4.316667
"1917","Japan","JPN","2014",3.75
"1918","Japan","JPN","2015",3.566667
"1919","Japan","JPN","2016",3.341667
"1920","Japan","JPN","2017",2.958333
"1921","Japan","JPN","2018",2.583333
"1922","Japan","JPN","2019",2.483333
"1923","Japan","JPN","2020",3
"1924","Japan","JPN","2021",3.05
"1925","Japan","JPN","2022",2.8
"1926","Turkey","TUR","2005",9.15
"1927","Turkey","TUR","2006",8.616667
"1928","Turkey","TUR","2007",8.725
"1929","Turkey","TUR","2008",9.6
"1930","Turkey","TUR","2009",12.54167
"1931","Turkey","TUR","2010",10.39167
"1932","Turkey","TUR","2011",8.308333
"1933","Turkey","TUR","2012",7.616667
"1934","Turkey","TUR","2013",7.95
"1935","Turkey","TUR","2014",9.016666
"1936","Turkey","TUR","2015",9.275
"1937","Turkey","TUR","2016",9.65
"1938","Turkey","TUR","2017",9.516666
"1939","Turkey","TUR","2018",9.558333
"1940","Turkey","TUR","2019",12.44167
"1941","Turkey","TUR","2020",12.38333
"1942","Turkey","TUR","2021",10.74167
"1943","Turkey","TUR","2022",8.958333
"1944","Germany","DEU","2003",10.08333
"1945","Germany","DEU","2004",10.73333
"1946","Germany","DEU","2005",11.55833
"1947","Germany","DEU","2006",10.33333
"1948","Germany","DEU","2007",8.408334
"1949","Germany","DEU","2008",7.325
"1950","Germany","DEU","2009",7.541667
"1951","Germany","DEU","2010",6.958333
"1952","Germany","DEU","2011",5.725
"1953","Germany","DEU","2012",5.275
"1954","Germany","DEU","2013",5.216667
"1955","Germany","DEU","2014",5.008333
"1956","Germany","DEU","2015",4.716667
"1957","Germany","DEU","2016",4.225
"1958","Germany","DEU","2017",3.925
"1959","Germany","DEU","2018",3.608333
"1960","Germany","DEU","2019",3.316667
"1961","Germany","DEU","2020",4.016667
"1962","Germany","DEU","2021",3.925
"1963","Germany","DEU","2022",3.275
"1964","Spain","ESP","2003",15.83333
"1965","Spain","ESP","2004",14.825
"1966","Spain","ESP","2005",11.99167
"1967","Spain","ESP","2006",11.35833
"1968","Spain","ESP","2007",10.70833
"1969","Spain","ESP","2008",12.83333
"1970","Spain","ESP","2009",18.125
"1971","Spain","ESP","2010",20.225
"1972","Spain","ESP","2011",21.81667
"1973","Spain","ESP","2012",25.05833
"1974","Spain","ESP","2013",26.69167
"1975","Spain","ESP","2014",25.44167
"1976","Spain","ESP","2015",23.55
"1977","Spain","ESP","2016",21.375
"1978","Spain","ESP","2017",19.04167
"1979","Spain","ESP","2018",17.04167
"1980","Spain","ESP","2019",16.00833
"1981","Spain","ESP","2020",17.43333
"1982","Spain","ESP","2021",16.71667
"1983","Spain","ESP","2022",14.775
"1984","Chile","CHL","2003",9.1275
"1985","Chile","CHL","2004",9.3575
"1986","Chile","CHL","2005",8.4725
"1987","Chile","CHL","2006",6.8525
"1988","Chile","CHL","2007",6.2875
"1989","Chile","CHL","2008",6.78
"1990","Chile","CHL","2009",9.075
"1991","Chile","CHL","2010",7.2
"1992","Chile","CHL","2011",6.05
"1993","Chile","CHL","2012",5.523956
"1994","Chile","CHL","2013",5.401966
"1995","Chile","CHL","2014",6.086595
"1996","Chile","CHL","2015",5.835053
"1997","Chile","CHL","2016",6.29786
"1998","Chile","CHL","2017",6.541276
"1999","Chile","CHL","2018",6.72988
"2000","Chile","CHL","2019",6.674188
"2001","Chile","CHL","2020",10.60182
"2002","Chile","CHL","2021",8.634062
"2003","Chile","CHL","2022",7.426815
"2004","Denmark","DNK","2003",6.066667
"2005","Denmark","DNK","2004",6
"2006","Denmark","DNK","2005",5.275
"2007","Denmark","DNK","2006",4.55
"2008","Denmark","DNK","2007",4.158333
"2009","Denmark","DNK","2008",4.083333
"2010","Denmark","DNK","2009",5.666667
"2011","Denmark","DNK","2010",6.758333
"2012","Denmark","DNK","2011",7.608333
"2013","Denmark","DNK","2012",7.791667
"2014","Denmark","DNK","2013",7.658333
"2015","Denmark","DNK","2014",7.15
"2016","Denmark","DNK","2015",6.525
"2017","Denmark","DNK","2016",6.375
"2018","Denmark","DNK","2017",6.05
"2019","Denmark","DNK","2018",5.358333
"2020","Denmark","DNK","2019",5.275
"2021","Denmark","DNK","2020",5.983333
"2022","Denmark","DNK","2021",5.166667
"2023","Denmark","DNK","2022",4.516667
"2024","Mexico","MEX","2003",2.930833
"2025","Mexico","MEX","2004",3.26
"2026","Mexico","MEX","2005",3.384451
"2027","Mexico","MEX","2006",3.417056
"2028","Mexico","MEX","2007",3.476573
"2029","Mexico","MEX","2008",3.874128
"2030","Mexico","MEX","2009",5.475667
"2031","Mexico","MEX","2010",5.448024
"2032","Mexico","MEX","2011",5.215521
"2033","Mexico","MEX","2012",4.932462
"2034","Mexico","MEX","2013",4.878211
"2035","Mexico","MEX","2014",4.810866
"2036","Mexico","MEX","2015",4.243085
"2037","Mexico","MEX","2016",3.838946
"2038","Mexico","MEX","2017",3.29913
"2039","Mexico","MEX","2018",3.242173
"2040","Mexico","MEX","2019",3.449774
"2041","Mexico","MEX","2020",4.585398
"2042","Mexico","MEX","2021",4.137643
"2043","Mexico","MEX","2022",3.266275
"2044","Germany","DEU","2003",9.45
"2045","Germany","DEU","2004",10.23333
"2046","Germany","DEU","2005",10.98333
"2047","Germany","DEU","2006",10.19167
"2048","Germany","DEU","2007",8.716666
"2049","Germany","DEU","2008",7.583333
"2050","Germany","DEU","2009",6.841667
"2051","Germany","DEU","2010",6.108333
"2052","Germany","DEU","2011",5.275
"2053","Germany","DEU","2012",4.9
"2054","Germany","DEU","2013",4.633333
"2055","Germany","DEU","2014",4.383333
"2056","Germany","DEU","2015",4
"2057","Germany","DEU","2016",3.541667
"2058","Germany","DEU","2017",3.141667
"2059","Germany","DEU","2018",2.758333
"2060","Germany","DEU","2019",2.575
"2061","Germany","DEU","2020",3.208333
"2062","Germany","DEU","2021",3.166667
"2063","Germany","DEU","2022",2.833333
"2064","Netherlands","NLD","2003",6.841667
"2065","Netherlands","NLD","2004",7.7
"2066","Netherlands","NLD","2005",8.116667
"2067","Netherlands","NLD","2006",7.333333
"2068","Netherlands","NLD","2007",6.466667
"2069","Netherlands","NLD","2008",5.75
"2070","Netherlands","NLD","2009",6.15
"2071","Netherlands","NLD","2010",6.708333
"2072","Netherlands","NLD","2011",6.583333
"2073","Netherlands","NLD","2012",7.35
"2074","Netherlands","NLD","2013",8.4
"2075","Netherlands","NLD","2014",8.766666
"2076","Netherlands","NLD","2015",8.391666
"2077","Netherlands","NLD","2016",7.591667
"2078","Netherlands","NLD","2017",6.4
"2079","Netherlands","NLD","2018",5.166667
"2080","Netherlands","NLD","2019",4.55
"2081","Netherlands","NLD","2020",5.116667
"2082","Netherlands","NLD","2021",4.5
"2083","Netherlands","NLD","2022",3.833333
"2084","Turkey","TUR","2005",9.35
"2085","Turkey","TUR","2006",9.083333
"2086","Turkey","TUR","2007",9.141666
"2087","Turkey","TUR","2008",10.03333
"2088","Turkey","TUR","2009",12.61667
"2089","Turkey","TUR","2010",11.39167
"2090","Turkey","TUR","2011",10.1
"2091","Turkey","TUR","2012",9.383333
"2092","Turkey","TUR","2013",10.48333
"2093","Turkey","TUR","2014",11.9
"2094","Turkey","TUR","2015",12.64167
"2095","Turkey","TUR","2016",13.63333
"2096","Turkey","TUR","2017",13.9
"2097","Turkey","TUR","2018",13.7
"2098","Turkey","TUR","2019",16.35833
"2099","Turkey","TUR","2020",14.76667
"2100","Turkey","TUR","2021",14.675
"2101","Turkey","TUR","2022",13.45833
"2102","Iceland","ISL","2003",3.825
"2103","Iceland","ISL","2004",3.608333
"2104","Iceland","ISL","2005",2.9
"2105","Iceland","ISL","2006",3.05
"2106","Iceland","ISL","2007",2.425
"2107","Iceland","ISL","2008",3.716667
"2108","Iceland","ISL","2009",9.55
"2109","Iceland","ISL","2010",9.258333
"2110","Iceland","ISL","2011",8.566667
"2111","Iceland","ISL","2012",6.95
"2112","Iceland","ISL","2013",6.091667
"2113","Iceland","ISL","2014",5.516667
"2114","Iceland","ISL","2015",4.416667
"2115","Iceland","ISL","2016",3.358333
"2116","Iceland","ISL","2017",3.358333
"2117","Iceland","ISL","2018",3.158333
"2118","Iceland","ISL","2019",4.316667
"2119","Iceland","ISL","2020",6.558333
"2120","Iceland","ISL","2021",5.666667
"2121","Iceland","ISL","2022",4.066667
"2122","Spain","ESP","2003",8.508333
"2123","Spain","ESP","2004",8.258333
"2124","Spain","ESP","2005",7.141667
"2125","Spain","ESP","2006",6.35
"2126","Spain","ESP","2007",6.425
"2127","Spain","ESP","2008",10.05833
"2128","Spain","ESP","2009",17.675
"2129","Spain","ESP","2010",19.59167
"2130","Spain","ESP","2011",21.06667
"2131","Spain","ESP","2012",24.58333
"2132","Spain","ESP","2013",25.60833
"2133","Spain","ESP","2014",23.60833
"2134","Spain","ESP","2015",20.775
"2135","Spain","ESP","2016",18.10833
"2136","Spain","ESP","2017",15.66667
"2137","Spain","ESP","2018",13.74167
"2138","Spain","ESP","2019",12.45833
"2139","Spain","ESP","2020",13.86667
"2140","Spain","ESP","2021",13.08333
"2141","Spain","ESP","2022",11.28333
"2142","Poland","POL","2003",20.55833
"2143","Poland","POL","2004",20.13333
"2144","Poland","POL","2005",19.38333
"2145","Poland","POL","2006",15.06667
"2146","Poland","POL","2007",10.35
"2147","Poland","POL","2008",7.85
"2148","Poland","POL","2009",8.6
"2149","Poland","POL","2010",10.31667
"2150","Poland","POL","2011",10.68333
"2151","Poland","POL","2012",11.18333
"2152","Poland","POL","2013",11.375
"2153","Poland","POL","2014",9.783334
"2154","Poland","POL","2015",7.858333
"2155","Poland","POL","2016",6.316667
"2156","Poland","POL","2017",4.95
"2157","Poland","POL","2018",3.883333
"2158","Poland","POL","2019",3.616667
"2159","Poland","POL","2020",3.308333
"2160","Poland","POL","2021",3.4
"2161","Poland","POL","2022",2.933333
"2162","Austria","AUT","2003",4.9
"2163","Austria","AUT","2004",5.65
"2164","Austria","AUT","2005",5.95
"2165","Austria","AUT","2006",5.45
"2166","Austria","AUT","2007",4.941667
"2167","Austria","AUT","2008",4.291667
"2168","Austria","AUT","2009",5.991667
"2169","Austria","AUT","2010",5.491667
"2170","Austria","AUT","2011",5.008333
"2171","Austria","AUT","2012",5.366667
"2172","Austria","AUT","2013",5.916667
"2173","Austria","AUT","2014",6.375
"2174","Austria","AUT","2015",6.666667
"2175","Austria","AUT","2016",7.041667
"2176","Austria","AUT","2017",6.5
"2177","Austria","AUT","2018",5.525
"2178","Austria","AUT","2019",5.083333
"2179","Austria","AUT","2020",6.116667
"2180","Austria","AUT","2021",6.258333
"2181","Austria","AUT","2022",4.941667
"2182","Costa Rica","CRI","2011",8.703025
"2183","Costa Rica","CRI","2012",8.875777
"2184","Costa Rica","CRI","2013",8.251846
"2185","Costa Rica","CRI","2014",8.132883
"2186","Costa Rica","CRI","2015",7.976577
"2187","Costa Rica","CRI","2016",7.995725
"2188","Costa Rica","CRI","2017",7.524369
"2189","Costa Rica","CRI","2018",8.433613
"2190","Costa Rica","CRI","2019",9.342306
"2191","Costa Rica","CRI","2020",15.61782
"2192","Costa Rica","CRI","2021",12.70171
"2193","Costa Rica","CRI","2022",9.409781
"2194","Costa Rica","CRI","2011",10.29848
"2195","Costa Rica","CRI","2012",10.17175
"2196","Costa Rica","CRI","2013",9.386163
"2197","Costa Rica","CRI","2014",9.617385
"2198","Costa Rica","CRI","2015",9.612973
"2199","Costa Rica","CRI","2016",9.537852
"2200","Costa Rica","CRI","2017",9.071724
"2201","Costa Rica","CRI","2018",10.26405
"2202","Costa Rica","CRI","2019",11.75539
"2203","Costa Rica","CRI","2020",19.60688
"2204","Costa Rica","CRI","2021",16.43337
"2205","Costa Rica","CRI","2022",12.21883
"2206","Costa Rica","CRI","2011",12.98225
"2207","Costa Rica","CRI","2012",12.17642
"2208","Costa Rica","CRI","2013",11.14466
"2209","Costa Rica","CRI","2014",11.93641
"2210","Costa Rica","CRI","2015",12.16651
"2211","Costa Rica","CRI","2016",12.07568
"2212","Costa Rica","CRI","2017",11.63266
"2213","Costa Rica","CRI","2018",13.18977
"2214","Costa Rica","CRI","2019",15.32681
"2215","Costa Rica","CRI","2020",25.65658
"2216","Costa Rica","CRI","2021",21.97083
"2217","Costa Rica","CRI","2022",16.37755
